row_index,id,normalized_text,exact_duplicate_flag,exact_duplicate_label_if_any,exact_duplicate_count,exact_duplicate_ids,exact_duplicate_labels,near_duplicate_099_flag,near_duplicate_099_label_if_any,near_duplicate_099_similarity,near_duplicate_id,split,fold
2,1240,im wondering if we need to no wait the test cases all passed successfully,0,-1,0,,,0,-1,0.6962962962962963,,train_oof,1
5,1563,the city council finally approved... the new community garden project,0,-1,0,,,0,-1,0.5,,train_oof,1
8,1092,can you explain the charges the charges on my statement that look,0,-1,0,,,0,-1,0.5511811023622047,,train_oof,1
9,1224,we might need to reschedule the actually the meeting room is available now,0,-1,0,,,0,-1,0.29213483146067415,,train_oof,1
10,1838,"you've seen the latest sales figures, haven't you, because i wanted to",0,-1,0,,,0,-1,0.5874125874125874,,train_oof,1
17,1795,bout those quarterly reports dont you think we should,0,-1,0,,,0,-1,0.544,,train_oof,1
25,864,"thanks, i'll call that now. bye",0,-1,0,,,0,-1,0.48,,train_oof,1
42,791,help me get a taxi to the cambridge museum of technology please,0,-1,0,,,0,-1,0.3950617283950617,,train_oof,1
52,217,they they told me the delivery would would arrive today but now im just,0,-1,0,,,0,-1,0.373134328358209,,train_oof,1
54,1567,when we discussed the budget last time... but nobody seemed to,0,-1,0,,,0,-1,0.4329896907216495,,train_oof,1
55,1661,i enjoy chinese food,0,-1,0,,,0,-1,0.3582089552238806,,train_oof,1
67,960,could you pass me that folder? the red folder right there,0,-1,0,,,0,-1,0.45161290322580644,,train_oof,1
68,503,no i just need the phone number. thanks,0,-1,0,,,0,-1,0.6373626373626373,,train_oof,1
71,609,kinda weird how da coffee machine always breaks on mondays,0,-1,0,,,0,-1,0.45528455284552843,,train_oof,1
72,1873,"the new coffee machine works so much better, doesn't it",0,-1,0,,,0,-1,0.66,,train_oof,1
74,1931,thats what they told us wasnt it but then i heard,0,-1,0,,,0,-1,0.5263157894736842,,train_oof,1
80,437,ah shoot i need to reschedule my dentist appointment for next week,0,-1,0,,,0,-1,0.48333333333333334,,train_oof,1
81,1676,the neighborhood committee approved the new playground design,0,-1,0,,,0,-1,0.4566929133858268,,train_oof,1
90,440,man oh man that concert was the best performance i have ever seen,0,-1,0,,,0,-1,0.5467625899280576,,train_oof,1
112,633,what about the biggest one,0,-1,0,,,0,-1,0.3191489361702128,,train_oof,1
113,1760,about the ticket reference number 8gvknm9j and the payment process is,0,-1,0,,,0,-1,0.4036697247706422,,train_oof,1
117,383,oh wait let me just uh try to remember what she said about,0,-1,0,,,0,-1,0.7368421052631579,,train_oof,1
121,1814,that is unfortunate. i can cut my stay down to a single night if that helps,0,-1,0,,,0,-1,0.1836734693877551,,train_oof,1
125,138,"i am also looking for a attraction called queens' college, can you get me information on that",0,-1,0,,,0,-1,0.6405228758169934,,train_oof,1
127,891,whew that new car looks absolutely amazing,0,-1,0,,,0,-1,0.44274809160305345,,train_oof,1
131,1195,im trying to figure out why the database keeps showing these,0,-1,0,,,0,-1,0.4426229508196721,,train_oof,1
138,1309,"the system appears to be-- actually, the performance metrics look perfect now",0,-1,0,,,0,-1,0.2773722627737226,,train_oof,1
139,116,i need the departure time for that train,0,-1,0,,,0,-1,0.33663366336633666,,train_oof,1
147,371,"the config file is in etc- no, var/config directory",0,-1,0,,,0,-1,0.25,,train_oof,1
163,1648,that's all. thank you very much,0,-1,0,,,0,-1,0.76,,train_oof,1
166,1994,with my sister,0,-1,0,,,0,-1,0.32432432432432434,,train_oof,1
171,1007,"the metrics look different, look completely different after the update",0,-1,0,,,0,-1,0.39344262295081966,,train_oof,1
173,182,the conference call was boring until they announced were all getting remote work options permanently,0,-1,0,,,0,-1,0.38271604938271603,,train_oof,1
174,566,gimme a sec while i try ta remember,0,-1,0,,,0,-1,0.8311688311688312,,train_oof,1
181,1627,could you explain the rates for,0,-1,0,,,0,-1,0.32432432432432434,,train_oof,1
183,1410,when i tried accessing the course materials it kept showing,0,-1,0,,,0,-1,0.20588235294117646,,train_oof,1
187,1995,since last tuesday,0,-1,0,,,0,-1,0.3333333333333333,,train_oof,1
188,1029,thanks so much you've been a huge help,0,-1,0,,,0,-1,0.6526315789473685,,train_oof,1
189,1300,i started working on the march report but something about these numbers,0,-1,0,,,0,-1,0.39215686274509803,,train_oof,1
191,657,yep yep i hear ya bout the parking situation at work,0,-1,0,,,0,-1,0.46601941747572817,,train_oof,1
193,1907,the client seems happy doesnt she though im wondering if,0,-1,0,,,0,-1,0.5405405405405406,,train_oof,1
196,1002,have you seen my laptop my laptop that i left in the,0,-1,0,,,0,-1,0.36363636363636365,,train_oof,1
201,469,"hey listen, about what you mentioned earlier about the party that",0,-1,0,,,0,-1,0.5714285714285714,,train_oof,1
202,1381,"i wanted to organize a-- wonderful, the surprise party is all set for saturday",0,-1,0,,,0,-1,0.47540983606557374,,train_oof,1
207,1687,the winter farmers market will continue through the end of march,0,-1,0,,,0,-1,0.4122137404580153,,train_oof,1
212,1079,let's try another approach - another systematic approach to this problem,0,-1,0,,,0,-1,0.32679738562091504,,train_oof,1
235,750,"right right, just like in that training video we watched",0,-1,0,,,0,-1,0.5740740740740741,,train_oof,1
242,656,i need a taxi from thanh binh,0,-1,0,,,0,-1,0.56,,train_oof,1
246,249,bruh the way them people at the store was trippin bout my,0,-1,0,,,0,-1,0.25316455696202533,,train_oof,1
248,896,"cool, that's all i need thanks",0,-1,0,,,0,-1,0.5454545454545454,,train_oof,1
249,743,"uh-huh, and then you were saying something about how the",0,-1,0,,,0,-1,0.819047619047619,,train_oof,1
254,1553,considering all the recent changes in... and whether we should even,0,-1,0,,,0,-1,0.3937007874015748,,train_oof,1
263,179,these new shoes are really uncomfortable hey did you hear about the,0,-1,0,,,0,-1,0.5714285714285714,,train_oof,1
268,332,"send these files to latisha- oh sorry, i meant latishab with a 'b",0,-1,0,,,0,-1,0.3916083916083916,,train_oof,1
269,1839,"the conference room needs to be booked in advance now, right",0,-1,0,,,0,-1,0.6666666666666666,,train_oof,1
277,1334,"i was thinking of calling my old-- oh, sarah just texted me this morning",0,-1,0,,,0,-1,0.21176470588235294,,train_oof,1
279,678,ah yeah i was just thinking bout what you said regarding,0,-1,0,,,0,-1,0.7652173913043478,,train_oof,1
282,362,the security patch needs to be applied to all the um where was i,0,-1,0,,,0,-1,0.5037037037037037,,train_oof,1
284,813,my sensei was explaining something and then he just,0,-1,0,,,0,-1,0.5504587155963303,,train_oof,1
286,1884,"no, i dont mind any",0,-1,0,,,0,-1,0.4,,train_oof,1
299,1669,"actually one more thin, i need a taxi from the hotel to the restaurant, i want to leave at 09:45",0,-1,0,,,0,-1,0.6503067484662577,,train_oof,1
303,1538,about the taxi pickup time at the college and maybe,0,-1,0,,,0,-1,0.3106796116504854,,train_oof,1
323,1738,the conference room needs to be booked for next thursday's meeting,1,1,1,1749,1,1,1,1.0,1749,train_oof,1
332,851,"not at this time, thank you",0,-1,0,,,0,-1,0.6808510638297872,,train_oof,1
335,1731,please remember to log your hours in the new timesheet system,0,-1,0,,,0,-1,0.17142857142857143,,train_oof,1
336,553,ain't sure if i should mention how they,0,-1,0,,,0,-1,0.5348837209302325,,train_oof,1
337,607,centre has some,0,-1,0,,,0,-1,0.1935483870967742,,train_oof,1
339,1715,heading out now bye will finish this tomorrow,0,-1,0,,,0,-1,0.125,,train_oof,1
340,949,im trying to access the portal the company portal but it keeps,0,-1,0,,,0,-1,0.592,,train_oof,1
341,320,"the document is saved under project x- sorry, project y final version",0,-1,0,,,0,-1,0.3770491803278688,,train_oof,1
343,521,oh before i forget i wanted to ask about the,0,-1,0,,,0,-1,0.8041237113402062,,train_oof,1
344,494,"yikes, i definitely should have brought an umbrella to work today",0,-1,0,,,0,-1,0.5378151260504201,,train_oof,1
350,1621,the temperature in lab 3 must remain at exactly 22.5°c,0,-1,0,,,0,-1,0.5510204081632653,,train_oof,1
353,1190,im not sure if we should i tested the new feature and it works perfectly now,0,-1,0,,,0,-1,0.4578313253012048,,train_oof,1
354,1998,no that takes crare of it,0,-1,0,,,0,-1,0.14814814814814814,,train_oof,1
357,1281,5 people for 4 nights starting from monday,0,-1,0,,,0,-1,0.5689655172413793,,train_oof,1
358,1252,are we supposed to submit the oh the deadline got extended to next wednesday,1,1,1,1197,1,1,1,1.0,1197,train_oof,1
366,1704,i would not mind finding one with free wifi,0,-1,0,,,0,-1,0.4444444444444444,,train_oof,1
368,1570,looking at these analytics it seems like... but then again maybe,0,-1,0,,,0,-1,0.6355140186915887,,train_oof,1
370,1720,yes could you reserve that for me for 2 nights from thursday for 3 people. i will need a reference number as well,0,-1,0,,,0,-1,0.3626943005181347,,train_oof,1
374,598,sposed to rain all week but the weather keeps changin,0,-1,0,,,0,-1,0.4117647058823529,,train_oof,1
376,1943,were supposed to meet them there arent we or should we,0,-1,0,,,0,-1,0.5074626865671642,,train_oof,1
381,1598,here's the invoice #45721 from january,0,-1,0,,,0,-1,0.3333333333333333,,train_oof,1
385,291,can you pick up some milk and uh bread and oh yeah eggs from the store,0,-1,0,,,0,-1,0.5793103448275863,,train_oof,1
386,1474,during the final quarter when we were about to,0,-1,0,,,0,-1,0.32142857142857145,,train_oof,1
393,768,is that in the center of town,0,-1,0,,,0,-1,0.5217391304347826,,train_oof,1
404,1144,"yes, book me a table for 2 people at 12:15 on monday",0,-1,0,,,0,-1,0.4225352112676056,,train_oof,1
406,1225,does anyone know how to i found the solution in the documentation wiki,0,-1,0,,,0,-1,0.3508771929824561,,train_oof,1
410,1953,youve already finished the report havent you,0,-1,0,,,0,-1,0.4666666666666667,,train_oof,1
412,1664,my grandmother's secret recipe requires special ingredients that,0,-1,0,,,0,-1,0.3974358974358974,,train_oof,1
415,1827,"the client's been asking for updates, hasn't she, and i thought",0,-1,0,,,0,-1,0.5238095238095238,,train_oof,1
421,782,yo that's bare jokes still bruv wagwan with people these days,0,-1,0,,,0,-1,0.4166666666666667,,train_oof,1
422,1478,lets schedule the meeting for i cant make it sometime next week when the,0,-1,0,,,0,-1,0.4251968503937008,,train_oof,1
427,198,"all that sounds perfect. i just need the price on one train ticket, please. thank you and have a nice day",0,-1,0,,,0,-1,0.3283582089552239,,train_oof,1
436,325,"we need five- no, make that six copies of the report, please",0,-1,0,,,0,-1,0.2608695652173913,,train_oof,1
439,317,"can you send this to daniel- oh wait, i meant david in marketing",0,-1,0,,,0,-1,0.5606060606060606,,train_oof,1
442,1523,she finished writing her novel... just before the submission deadline,0,-1,0,,,0,-1,0.5467625899280576,,train_oof,1
460,39,"actually, i was about to call a taxi when i realized",0,-1,0,,,0,-1,0.37333333333333335,,train_oof,1
464,869,my yaar was telling me something bout how the situation,0,-1,0,,,0,-1,0.5233644859813084,,train_oof,1
468,1420,we were in the middle of the game when something about,0,-1,0,,,0,-1,0.45714285714285713,,train_oof,1
469,841,your girl really said sayonara and blocked me everywhere,0,-1,0,,,0,-1,0.234375,,train_oof,1
475,797,man's really pulled up like konnichiwa y'all and left straight away,0,-1,0,,,0,-1,0.53125,,train_oof,1
480,372,run the script with python 2- i mean python 3.8 or higher,0,-1,0,,,0,-1,0.22429906542056074,,train_oof,1
481,1314,"can someone explain why the-- oh, i found the documentation you shared",0,-1,0,,,0,-1,0.3384615384615385,,train_oof,1
484,1551,the training program successfully prepared... fifteen new certified instructors,0,-1,0,,,0,-1,0.2978723404255319,,train_oof,1
487,1367,"yes, please book the tr8431 train. thank you",0,-1,0,,,0,-1,0.5753424657534246,,train_oof,1
491,439,geez how do people even manage to deal with all the,0,-1,0,,,0,-1,0.45544554455445546,,train_oof,1
492,1772,when discussing the new policy dont you wonder whether,0,-1,0,,,0,-1,0.3185840707964602,,train_oof,1
496,457,"oh my goodness, that was the most delicious pasta i've ever tasted",0,-1,0,,,0,-1,0.4251968503937008,,train_oof,1
499,1492,advanced robotics technology enables wait let me explain precise surgical procedures,0,-1,0,,,0,-1,0.31343283582089554,,train_oof,1
502,1541,the historical documents revealed... a completely different version of events,0,-1,0,,,0,-1,0.3880597014925373,,train_oof,1
503,1099,can you remember our context? our previous context from this session,0,-1,0,,,0,-1,0.46875,,train_oof,1
504,1888,"this new framework is much more efficient, isn't it",0,-1,0,,,0,-1,0.34375,,train_oof,1
522,416,oh my goodness that sunset over the beach was absolutely breathtaking,0,-1,0,,,0,-1,0.4810126582278481,,train_oof,1
525,1181,can you tell me where the i found the missing files in the backup folder,0,-1,0,,,0,-1,0.6944444444444444,,train_oof,1
539,146,"no, that's all i need today. i appreciate your help",0,-1,0,,,0,-1,0.6851851851851852,,train_oof,1
542,165,meeting you has changed everything and made my whole world brighter,0,-1,0,,,0,-1,0.3333333333333333,,train_oof,1
558,1162,do you know if anyone has i already updated the project timeline,1,1,1,1205,1,1,1,1.0,1205,train_oof,1
568,635,still got some questions about city centre though maybe we can,0,-1,0,,,0,-1,0.4666666666666667,,train_oof,1
570,1343,"should we invite the group to-- perfect, i notice you created the event already",0,-1,0,,,0,-1,0.4605263157894737,,train_oof,1
572,1061,price does not matter,0,-1,0,,,0,-1,0.8717948717948718,,train_oof,1
576,668,not really sure because i have to,0,-1,0,,,0,-1,0.3620689655172414,,train_oof,1
577,201,when when i tried to to explain the problem they just kept um kept,0,-1,0,,,0,-1,0.65625,,train_oof,1
581,1470,i am not sure of the type of food but could you please check again and see if you can find it? thank you,0,-1,0,,,0,-1,0.27058823529411763,,train_oof,1
595,1548,the research team discovered... a previously unknown species of butterfly,0,-1,0,,,0,-1,0.3458646616541353,,train_oof,1
597,809,she's acting all extra y todo just because she got that promotion,0,-1,0,,,0,-1,0.18181818181818182,,train_oof,1
598,413,"no, that is all for now",0,-1,0,,,0,-1,0.8260869565217391,,train_oof,1
608,1065,what's in the combo meal? the lunch combo meal for $15.99,0,-1,0,,,0,-1,0.2692307692307692,,train_oof,1
620,295,i think john no james is the one who handles the uh technical support requests,0,-1,0,,,0,-1,0.3698630136986301,,train_oof,1
631,1955,she definitely knows about the surprise party doesnt she,0,-1,0,,,0,-1,0.52,,train_oof,1
645,1238,is that postcode correct for,0,-1,0,,,0,-1,0.3611111111111111,,train_oof,1
650,1653,"yes, i also need to book a train for monday. can you help me with that",0,-1,0,,,0,-1,0.40860215053763443,,train_oof,1
653,0,leaving from stevenage on,0,-1,0,,,0,-1,0.43636363636363634,,train_oof,1
668,1558,the weather forecast shows that next week... will be perfect for our outdoor event,0,-1,0,,,0,-1,0.6666666666666666,,train_oof,1
669,647,make it for 11:15,0,-1,0,,,0,-1,0.3333333333333333,,train_oof,1
674,789,my mum keeps saying arey beta clean your room it's looking gandi,0,-1,0,,,0,-1,0.49557522123893805,,train_oof,1
688,1353,should we try to reconnect with the old group or maybe we could,0,-1,0,,,0,-1,0.33043478260869563,,train_oof,1
693,240,"the, um, the sunset tonight is just, just breathtaking, i can't look away",0,-1,0,,,0,-1,0.373134328358209,,train_oof,1
694,490,hey wait - that's exactly what i was trying to explain yesterday,0,-1,0,,,0,-1,0.7272727272727273,,train_oof,1
701,211,let me see... no that's all i need. thanks. bye,0,-1,0,,,0,-1,0.44025157232704404,,train_oof,1
712,370,"install version 2.1- hold on, version 2.1.2 specifically",0,-1,0,,,0,-1,0.1774193548387097,,train_oof,1
716,676,price doesn't matter. i would like to book a table for 7 people at 13:00 on sunday,0,-1,0,,,0,-1,0.5833333333333334,,train_oof,1
720,876,mmmph need to stop staying up so late watching shows,0,-1,0,,,0,-1,0.22608695652173913,,train_oof,1
727,745,yes please i would love to join the project team,0,-1,0,,,0,-1,0.5217391304347826,,train_oof,1
735,1424,"did anyone record the score from-- yeah, we won 3-2 in overtime",0,-1,0,,,0,-1,0.2727272727272727,,train_oof,1
739,573,yknow i wasnt gonna say nuthin but that movie was terrible,0,-1,0,,,0,-1,0.34408602150537637,,train_oof,1
756,525,i think it varies sometimes,0,-1,0,,,0,-1,0.4931506849315068,,train_oof,1
757,153,these cookies taste so incredible and the chocolate is just so,0,-1,0,,,0,-1,0.4375,,train_oof,1
758,1383,i started writing a message to my childhood friend but i wasnt sure if,0,-1,0,,,0,-1,0.5899280575539568,,train_oof,1
760,1202,the client wants us to maybe we should implement the new features now,0,-1,0,,,0,-1,0.5538461538461539,,train_oof,1
769,694,hello! i'm looking for some entertainment in the centre please,0,-1,0,,,0,-1,0.6324786324786325,,train_oof,1
776,1587,building 342 requires maintenance on the 3rd floor,0,-1,0,,,0,-1,0.3486238532110092,,train_oof,1
778,659,woulda been nice if somebody told me bout,0,-1,0,,,0,-1,0.23376623376623376,,train_oof,1
785,753,"mhm, okay, i see why everyone voted for that option",1,1,1,778,1,1,1,1.0,778,train_oof,1
786,66,i'd like to leave after 15:15,0,-1,0,,,0,-1,0.6229508196721312,,train_oof,1
798,1716,the performance optimization reduced load times by forty percent,0,-1,0,,,0,-1,0.3969465648854962,,train_oof,1
809,1709,it could be starting at 1:30 though i'm,0,-1,0,,,0,-1,0.3582089552238806,,train_oof,1
812,1091,my device isn't connecting isn't connecting to the network after i tried to,0,-1,0,,,0,-1,0.33557046979865773,,train_oof,1
813,1850,"she's taken over the project management role, hasn't she",0,-1,0,,,0,-1,0.5076923076923077,,train_oof,1
815,316,"the total comes to twenty- sorry, twenty-five dollars and fifty cents",0,-1,0,,,0,-1,0.25742574257425743,,train_oof,1
818,1561,the way the new software handles the... unless im not seeing,0,-1,0,,,0,-1,0.352112676056338,,train_oof,1
819,671,mhm exactly thats what i thought about the new design,0,-1,0,,,0,-1,0.7476635514018691,,train_oof,1
823,1644,not sure about saturday,0,-1,0,,,0,-1,0.8095238095238095,,train_oof,1
824,1346,i wanted to tell them about the time we all went to that place where,0,-1,0,,,0,-1,0.49230769230769234,,train_oof,1
835,1609,goodbye team will send the updates via email,0,-1,0,,,0,-1,0.19444444444444445,,train_oof,1
842,1245,"i also need a restaurant, preferably one that serves portuguese food and is the same price point as my hotel",0,-1,0,,,0,-1,0.4968944099378882,,train_oof,1
845,998,we need to discuss the budget the budget for that new project that,0,-1,0,,,0,-1,0.624113475177305,,train_oof,1
862,662,uh huh right so if i understand correctly about the,0,-1,0,,,0,-1,0.8070175438596491,,train_oof,1
865,278,could you hand me the blue folder no the red one actually the green one on top of the cabinet,0,-1,0,,,0,-1,0.4375,,train_oof,1
867,1130,have you processed my return? my return from invoice #2025-0310,0,-1,0,,,0,-1,0.5289256198347108,,train_oof,1
873,1436,should we warm up before the-- coach posted the routine on the board,0,-1,0,,,0,-1,0.17094017094017094,,train_oof,1
878,724,right got it so thats how were supposed to handle it,1,1,1,688,1,1,1,1.0,688,train_oof,1
881,77,"well i'd leave a bigger tip, but it depends on um",0,-1,0,,,0,-1,0.2857142857142857,,train_oof,1
884,1820,"they're planning to renovate the entire office space, aren't they",0,-1,0,,,0,-1,0.7317073170731707,,train_oof,1
885,1842,gonna head out bye just need to know if,0,-1,0,,,0,-1,0.14285714285714285,,train_oof,1
886,1556,and the train code is 2a something right,0,-1,0,,,0,-1,0.5168539325842697,,train_oof,1
887,879,huff phew that was such an intense workout session,0,-1,0,,,0,-1,0.23333333333333334,,train_oof,1
896,1696,the spring festival committee needs volunteers for next month's event,0,-1,0,,,0,-1,0.5294117647058824,,train_oof,1
898,552,s'posed to rain later but i dunno for sure,0,-1,0,,,0,-1,0.35714285714285715,,train_oof,1
902,1054,i need to figure out the schedule the schedule for next,1,0,1,1060,0,1,0,1.0,1060,train_oof,1
913,963,hmm do you mind if i borrow your charger for a few minutes,0,-1,0,,,0,-1,0.38461538461538464,,train_oof,1
922,972,can you believe the deadline? the impossible deadline they gave us,0,-1,0,,,0,-1,0.5299145299145299,,train_oof,1
923,1014,"great, thank you",0,-1,0,,,0,-1,0.7441860465116279,,train_oof,1
933,1585,the temperature dropped to -15°c this morning at 6:00 am,0,-1,0,,,0,-1,0.6,,train_oof,1
936,1854,i'm trying to find someplace to visit in town,0,-1,0,,,0,-1,0.45652173913043476,,train_oof,1
944,1062,i'm trying to understand your limitations your limitations when it comes to,0,-1,0,,,0,-1,0.5594405594405595,,train_oof,1
947,44,"i am also looking for an attraction, some type of boat",0,-1,0,,,0,-1,0.7192982456140351,,train_oof,1
955,1415,we need to confirm if the soccer-- joseph already booked the field for us,0,-1,0,,,0,-1,0.3333333333333333,,train_oof,1
959,1263,im not entirely convinced that the current approach is you know how,0,-1,0,,,0,-1,0.40350877192982454,,train_oof,1
978,239,"so i-i was in the middle of presenting when suddenly the, the",0,-1,0,,,0,-1,0.4155844155844156,,train_oof,1
982,1634,and the cherry hinton hall hours are,0,-1,0,,,0,-1,0.49122807017543857,,train_oof,1
984,1510,i would like to arrive by 15:00 in cambridge,0,-1,0,,,0,-1,0.48739495798319327,,train_oof,1
986,893,booking the ashley hotel for um,0,-1,0,,,0,-1,0.46153846153846156,,train_oof,1
1012,16,"well, it depends on what you mean by",0,-1,0,,,0,-1,0.33962264150943394,,train_oof,1
1017,961,the client mentioned something about the timeline the timeline for,0,-1,0,,,0,-1,0.528,,train_oof,1
1040,1828,oh i totally hate it when people just randomly show up and start asking for things without any,0,-1,0,,,0,-1,0.32558139534883723,,train_oof,1
1042,1140,"i'm having issues with billing, with my march billing statement specifically",0,-1,0,,,0,-1,0.4697986577181208,,train_oof,1
1044,427,actually i already submitted the homework assignment yesterday,0,-1,0,,,0,-1,0.3875968992248062,,train_oof,1
1046,111,i need the schedule of the the train going to ely on tuesday,0,-1,0,,,0,-1,0.48695652173913045,,train_oof,1
1048,380,is the table actually,0,-1,0,,,0,-1,0.5555555555555556,,train_oof,1
1049,1929,he usually brings his lunch doesnt he except when,0,-1,0,,,0,-1,0.37894736842105264,,train_oof,1
1059,1368,"could someone help me with the-- thanks, i found the solution in chapter four",0,-1,0,,,0,-1,0.273972602739726,,train_oof,1
1075,776,"ah gotcha, and when they were discussing the way that",0,-1,0,,,0,-1,0.4878048780487805,,train_oof,1
1076,842,and the prices are,0,-1,0,,,0,-1,0.5652173913043478,,train_oof,1
1081,1265,have you seen what happens when the server tries to well it just,0,-1,0,,,0,-1,0.4727272727272727,,train_oof,1
1086,1482,the environmental impact study shows thats not accurate significant improvements in air quality,0,-1,0,,,0,-1,0.39263803680981596,,train_oof,1
1089,761,considering colleges in the north like um maybe looking at,0,-1,0,,,0,-1,0.5581395348837209,,train_oof,1
1095,510,"gosh, it's like every time i try to organize my thoughts about",0,-1,0,,,0,-1,0.48739495798319327,,train_oof,1
1098,292,im trying to remember who was supposed to uh which team member was i mean the person who,0,-1,0,,,0,-1,0.7547169811320755,,train_oof,1
1099,224,"if 16:30 is available, i'll need the reference number, too, please",0,-1,0,,,0,-1,0.49333333333333335,,train_oof,1
1104,837,the professor said tres bien and everyone started laughing,0,-1,0,,,0,-1,0.4496124031007752,,train_oof,1
1105,1817,"we should have ordered more supplies last week, shouldn't we",0,-1,0,,,0,-1,0.5982905982905983,,train_oof,1
1110,1119,where's my tracking information? my shipping tracking from last friday,0,-1,0,,,0,-1,0.4225352112676056,,train_oof,1
1111,749,"mmkay, so if i'm following what you're saying about the",0,-1,0,,,0,-1,0.6990291262135923,,train_oof,1
1112,1718,"actually i am don't need to book a room just yet but can you provide the phone number, postcode, and address",0,-1,0,,,0,-1,0.4722222222222222,,train_oof,1
1128,917,thank you. i am also looking for places to go in the same area as the restaurant,0,-1,0,,,0,-1,0.6388888888888888,,train_oof,1
1129,1024,who's monitoring the alerts? the priority alerts this morning,0,-1,0,,,0,-1,0.416,,train_oof,1
1132,1276,could you possibly check if the i verified the data integrity its all good,0,-1,0,,,0,-1,0.5616438356164384,,train_oof,1
1138,672,yeah yeah okay that clears up the confusion bout timing,1,1,1,714,1,1,1,1.0,714,train_oof,1
1139,712,mhm exactly thats what i thought about the new design,0,-1,0,,,0,-1,0.7476635514018691,,train_oof,1
1140,1404,"can anyone explain how the-- thanks, the ta just posted a video tutorial",0,-1,0,,,0,-1,0.5323741007194245,,train_oof,1
1141,1997,to the kitchen,0,-1,0,,,0,-1,0.3291139240506329,,train_oof,1
1142,1178,i started working on the presentation but then i realized that maybe we should,0,-1,0,,,0,-1,0.7755102040816326,,train_oof,1
1143,508,"ah man, if only i had known earlier about the way that",0,-1,0,,,0,-1,0.45714285714285713,,train_oof,1
1152,1339,"do you remember when we used to-- actually, we're meeting for coffee next week",0,-1,0,,,0,-1,0.45714285714285713,,train_oof,1
1166,1801,about that email from marketing isnt it kind of,0,-1,0,,,0,-1,0.40384615384615385,,train_oof,1
1169,1337,have you noticed how some friendships just kind of when you least,0,-1,0,,,0,-1,0.4153846153846154,,train_oof,1
1173,1673,the new farmers market on oak street opens every wednesday morning,0,-1,0,,,0,-1,0.6616541353383458,,train_oof,1
1183,505,"oh right, we need to pick up sarah from the airport at 3 pm",0,-1,0,,,0,-1,0.3055555555555556,,train_oof,1
1189,1952,the weather is really nice today isnt it,0,-1,0,,,0,-1,0.64,,train_oof,1
1192,1003,"the jenkins build is failing, the main branch build since midnight",0,-1,0,,,0,-1,0.368,,train_oof,1
1194,1875,"you're thinking what i'm thinking, aren't you",0,-1,0,,,0,-1,0.6511627906976745,,train_oof,1
1196,716,ah gotcha and then what about when they said,0,-1,0,,,0,-1,0.5,,train_oof,1
1203,1179,hoping you have a wonderful rest of your,0,-1,0,,,0,-1,0.35658914728682173,,train_oof,1
1204,108,the client absolutely loves our latest design proposal,0,-1,0,,,0,-1,0.3356643356643357,,train_oof,1
1211,1823,"we might need to reconsider the timeline, mightn't we, given that",0,-1,0,,,0,-1,0.13559322033898305,,train_oof,1
1212,1174,"fantastic, thank you. that is all i need",0,-1,0,,,0,-1,0.6944444444444444,,train_oof,1
1213,905,the client called about the deadline about the you know the deadline for,0,-1,0,,,0,-1,0.5673758865248227,,train_oof,1
1220,971,"she's looking for her badge, her temporary badge from reception",0,-1,0,,,0,-1,0.375,,train_oof,1
1226,1443,we were practicing the new routine when the whole,0,-1,0,,,0,-1,0.6386554621848739,,train_oof,1
1241,922,"if there are no hotels, a guesthouse would be fine, i suppose",0,-1,0,,,0,-1,0.5192307692307693,,train_oof,1
1242,1199,we were discussing the new features when suddenly the whole thing just,1,0,1,1187,0,1,0,1.0,1187,train_oof,1
1249,115,"current balance due shows $3,567.89 excluding the recent",0,-1,0,,,0,-1,0.45714285714285713,,train_oof,1
1250,1938,the cats already had breakfast hasnt she,0,-1,0,,,0,-1,0.575,,train_oof,1
1254,1815,"i'd like to stay close to the center area, but the hotel should be 3 star",0,-1,0,,,0,-1,0.3125,,train_oof,1
1266,62,"um, so the waiter, like, mentioned a discount but i'm not sure about",0,-1,0,,,0,-1,0.3218390804597701,,train_oof,1
1269,261,that concert last night was mad wicked the crowd was absolutely wildin,0,-1,0,,,0,-1,0.5087719298245614,,train_oof,1
1270,1440,need directions too as well as,0,-1,0,,,0,-1,0.41025641025641024,,train_oof,1
1272,707,okay okay now i see what you meant bout the budget,0,-1,0,,,0,-1,0.5102040816326531,,train_oof,1
1273,1135,the client mentioned something about the delivery date but then they kind of,0,-1,0,,,0,-1,0.3851851851851852,,train_oof,1
1276,186,your order #rt78392 has been shipped to new york,0,-1,0,,,0,-1,0.32558139534883723,,train_oof,1
1280,1719,when i tried to run the test suite it kept failing at,0,-1,0,,,0,-1,0.45217391304347826,,train_oof,1
1284,1421,the championship match was going to-- turns out we're seeded first this year,0,-1,0,,,0,-1,0.32989690721649484,,train_oof,1
1286,157,my new job is exactly what i wanted and the team is absolutely wonderful,0,-1,0,,,0,-1,0.5365853658536586,,train_oof,1
1288,959,"hey, i'm checking about the meeting - the 3pm meeting with finance",0,-1,0,,,0,-1,0.448,,train_oof,1
1289,1993,well basically,0,-1,0,,,0,-1,0.3181818181818182,,train_oof,1
1291,1279,"i'm trying to access the-- ah, my permissions were updated, i can see it now",0,-1,0,,,0,-1,0.5972222222222222,,train_oof,1
1295,1019,what part of town is frankie and bennys located,0,-1,0,,,0,-1,0.46875,,train_oof,1
1296,392,gosh how do i even begin to explain the way that,0,-1,0,,,0,-1,0.5106382978723404,,train_oof,1
1299,927,we need to update the website update the section where,0,-1,0,,,0,-1,0.43037974683544306,,train_oof,1
1300,1304,alexander was saying something about how the system might-- well you know,0,-1,0,,,0,-1,0.6524822695035462,,train_oof,1
0,1166,i think we should consider the actually the client prefers the original design,0,-1,0,,,0,-1,0.2876712328767123,,train_oof,2
4,194,"this homework is taking forever, btw the new superhero movie looks",0,-1,0,,,0,-1,0.3652173913043478,,train_oof,2
11,900,i was thinking about the project the project where we,0,-1,0,,,0,-1,0.6785714285714286,,train_oof,2
13,176,my laptop keeps crashing at work which inspired me to finally start that coding bootcamp ive been wanting to try,0,-1,0,,,0,-1,0.3181818181818182,,train_oof,2
19,1988,twice a week,0,-1,0,,,0,-1,0.2807017543859649,,train_oof,2
20,1698,the local theater group is performing shakespeare in the park this summer,0,-1,0,,,0,-1,0.2391304347826087,,train_oof,2
39,1766,regarding joseph's proposal dont you think we could,0,-1,0,,,0,-1,0.16822429906542055,,train_oof,2
44,774,i would like to book a taxi please,0,-1,0,,,0,-1,0.6736842105263158,,train_oof,2
46,637,finna watch this new show everbody been talkin bout,0,-1,0,,,0,-1,0.41237113402061853,,train_oof,2
47,218,something about the way the way they designed this makes me feel so so,0,-1,0,,,0,-1,0.4117647058823529,,train_oof,2
56,1722,"let's go with cambridge lodge. i'd like to book for 8 at 17:30 on saturday, please",0,-1,0,,,0,-1,0.2608695652173913,,train_oof,2
62,1624,the distance between points a and b is 234.5 kilometers,0,-1,0,,,0,-1,0.44642857142857145,,train_oof,2
70,1787,the way the team responded to the changes dont you find it,0,-1,0,,,0,-1,0.5178571428571429,,train_oof,2
77,1378,"could you tell me where the-- perfect, i found room 203 for professor chen's class",0,-1,0,,,0,-1,0.5,,train_oof,2
78,1655,the travel agent suggested several interesting destinations in,0,-1,0,,,0,-1,0.528,,train_oof,2
82,1471,my experience in software development oh you worked there too spans over fifteen years now,0,-1,0,,,0,-1,0.4429530201342282,,train_oof,2
84,1793,need the taxi details,0,-1,0,,,0,-1,0.41379310344827586,,train_oof,2
96,775,i am interested in moderately priced international food,0,-1,0,,,0,-1,0.5370370370370371,,train_oof,2
104,1852,"you must have seen the email about the changes, didn't you",0,-1,0,,,0,-1,0.5535714285714286,,train_oof,2
107,1575,the development team mentioned something about... which makes me wonder,0,-1,0,,,0,-1,0.5255474452554745,,train_oof,2
116,1825,"you'll need your security badge to access the new wing, won't you",0,-1,0,,,0,-1,0.5423728813559322,,train_oof,2
118,339,booking a taxi to broughton house gallery but wondering about the traffic and,0,-1,0,,,0,-1,0.25925925925925924,,train_oof,2
119,1545,looking at these test results it seems like,0,-1,0,,,0,-1,0.616822429906542,,train_oof,2
129,1927,the package will be delivered between 1:00 pm and 3:00 pm today,0,-1,0,,,0,-1,0.16923076923076924,,train_oof,2
137,723,right i see and then you mentioned something bout,0,-1,0,,,0,-1,0.8421052631578947,,train_oof,2
140,1416,have you seen where they put the-- found the new tennis rackets in locker 204,0,-1,0,,,0,-1,0.5960264900662252,,train_oof,2
142,1008,"i'm blocked on authentication, blocked on sso configuration specifically",0,-1,0,,,0,-1,0.46808510638297873,,train_oof,2
145,1369,we need to submit our projects by-- looks like we have until march 15th now,0,-1,0,,,0,-1,0.5256410256410257,,train_oof,2
150,40,booking was successful. reference number is: t4ehqena. anything else,0,-1,0,,,0,-1,0.42592592592592593,,train_oof,2
152,145,sounds good. is there a ticket available on that train,0,-1,0,,,0,-1,0.37681159420289856,,train_oof,2
158,909,i just need to leave after 08:45,0,-1,0,,,0,-1,0.6885245901639344,,train_oof,2
160,1175,when you get a chance could you take a look at the way the system is sort of,0,-1,0,,,0,-1,0.7536231884057971,,train_oof,2
168,621,somethin tells me we shoulda taken the other route home,0,-1,0,,,0,-1,0.34545454545454546,,train_oof,2
170,915,the printer in room twelve i mean the printer in room twelve needs new toner,0,-1,0,,,0,-1,0.3076923076923077,,train_oof,2
175,1374,remember when we used to hang out at that place where we would,0,-1,0,,,0,-1,0.5428571428571428,,train_oof,2
177,1671,the new coffee shop across from the park serves amazing pastries,0,-1,0,,,0,-1,0.46153846153846156,,train_oof,2
199,1665,the art museum is featuring a special exhibition on modern sculpture,0,-1,0,,,0,-1,0.32558139534883723,,train_oof,2
200,1197,are we supposed to submit the oh the deadline got extended to next wednesday,1,1,1,1252,1,1,1,1.0,1252,train_oof,2
204,18,what are the phone numbers for these colleges,0,-1,0,,,0,-1,0.6666666666666666,,train_oof,2
210,1028,"i've fixed those issues, those linting issues from code review",0,-1,0,,,0,-1,0.37681159420289856,,train_oof,2
211,1562,this painting technique requires... at least three layers of watercolor,0,-1,0,,,0,-1,0.3333333333333333,,train_oof,2
213,984,im trying to remember the details the details about how we were,0,-1,0,,,0,-1,0.40310077519379844,,train_oof,2
219,894,oh my god the surprise party actually worked,0,-1,0,,,0,-1,0.56,,train_oof,2
223,467,how are we supposed to handle the situation with the,0,-1,0,,,0,-1,0.5384615384615384,,train_oof,2
231,1350,"i've been meaning to reconnect with-- oh, she just sent me a friend request",0,-1,0,,,0,-1,0.463768115942029,,train_oof,2
233,86,i was wondering if it would be possible to get the reference number now because i need to finalize some,0,-1,0,,,0,-1,0.3776223776223776,,train_oof,2
240,1759,when you checked the logs didnt something seem,0,-1,0,,,0,-1,0.5645161290322581,,train_oof,2
241,1331,we were supposed to meet at the-- i see they changed it to the new café downtown,0,-1,0,,,0,-1,0.5074626865671642,,train_oof,2
245,1658,the spring flower show tickets went on sale this morning at nine,0,-1,0,,,0,-1,0.3464566929133858,,train_oof,2
247,246,yo that new coffee spot downtown is straight fire the vibes are immaculate fam,0,-1,0,,,0,-1,0.48,,train_oof,2
256,9,yes please. i need to find a hotel on the north end of town. an expensive hotel,0,-1,0,,,0,-1,0.32,,train_oof,2
259,1329,do you remember that time when we all went to the lake and suddenly,0,-1,0,,,0,-1,0.3865546218487395,,train_oof,2
262,703,"no, but could you book a room on tuesday for me please",0,-1,0,,,0,-1,0.48,,train_oof,2
276,107,"not today, thank you",0,-1,0,,,0,-1,0.34615384615384615,,train_oof,2
290,1578,ithe recipe calls for letting the dough rest... exactly twenty four hours,0,-1,0,,,0,-1,0.4166666666666667,,train_oof,2
295,1009,"the documentation needs updating, needs updating after the q1 changes",0,-1,0,,,0,-1,0.6548672566371682,,train_oof,2
302,493,"mmm, i was thinking about what you said regarding the whole",0,-1,0,,,0,-1,0.7652173913043478,,train_oof,2
306,65,"so i checked the menu and, um, the price was lower before but now",0,-1,0,,,0,-1,0.4444444444444444,,train_oof,2
308,730,"ah gotcha, that explains the confusion in the meeting",0,-1,0,,,0,-1,0.49056603773584906,,train_oof,2
311,1055,can you remember where we saved those presentations those presentations from,0,-1,0,,,0,-1,0.38961038961038963,,train_oof,2
312,1837,"those quarterly reports look much better than expected, wouldn't you say",0,-1,0,,,0,-1,0.528,,train_oof,2
316,989,considering a guesthouse with free parking and also maybe some sort of,0,-1,0,,,0,-1,0.5531914893617021,,train_oof,2
318,1848,"that new italian restaurant downtown is amazing, don't you think",0,-1,0,,,0,-1,0.5045045045045045,,train_oof,2
319,1824,"i don't need a taxi, thanks for asking",0,-1,0,,,0,-1,0.5822784810126582,,train_oof,2
325,711,"no, that sounds good",0,-1,0,,,0,-1,0.5161290322580645,,train_oof,2
333,483,"oh my gosh, so there i was in the grocery store when suddenly",0,-1,0,,,0,-1,0.4819277108433735,,train_oof,2
345,1812,i would be at times square on,0,-1,0,,,0,-1,0.4225352112676056,,train_oof,2
348,710,oh right right now i understand the whole situation,1,1,1,670,1,1,1,1.0,670,train_oof,2
356,1149,the system keeps showing errors whenever i try to well actually let me just,0,-1,0,,,0,-1,0.6853146853146853,,train_oof,2
360,1893,"the deadline seems pretty tight, doesn't it",0,-1,0,,,0,-1,0.3652173913043478,,train_oof,2
365,616,prolly need ta get more printer paper from the supply room,0,-1,0,,,0,-1,0.2037037037037037,,train_oof,2
369,759,i'll need those documents signed and returned by friday afternoon,0,-1,0,,,0,-1,0.453125,,train_oof,2
372,280,the thing about the project is that well you see what im trying to say is like when we,0,-1,0,,,0,-1,0.5066666666666667,,train_oof,2
375,1349,my best friend from elementary school tried to explain why she never,0,-1,0,,,0,-1,0.5217391304347826,,train_oof,2
379,1090,can you verify this information? this technical information you provided,0,-1,0,,,0,-1,0.37735849056603776,,train_oof,2
380,1268,i wasnt sure about the requirements but i found them in the project brief,0,-1,0,,,0,-1,0.4580152671755725,,train_oof,2
388,75,"what do you recommend? i will be need the address, entrance fee, and postcode for what you recommend please",0,-1,0,,,0,-1,0.26143790849673204,,train_oof,2
389,184,i burnt the cookies i was baking but that led me to discover this fantastic bakery down the street,0,-1,0,,,0,-1,0.2318840579710145,,train_oof,2
390,1291,"have you seen the latest-- yes, i notice you approved it this morning",0,-1,0,,,0,-1,0.40816326530612246,,train_oof,2
392,1932,theres no way to fix this anymore is there,0,-1,0,,,0,-1,0.5,,train_oof,2
397,898,but i thought when we discussed the,0,-1,0,,,0,-1,0.3697478991596639,,train_oof,2
407,808,maybe a guesthouse would have free wifi and,0,-1,0,,,0,-1,0.5454545454545454,,train_oof,2
411,391,whoa hang on did you see that just now when the,0,-1,0,,,0,-1,0.42105263157894735,,train_oof,2
420,489,"er, you know how sometimes when you're trying to explain",0,-1,0,,,0,-1,0.82,,train_oof,2
423,1792,if we look at these metrics dont you feel that maybe,0,-1,0,,,0,-1,0.42857142857142855,,train_oof,2
424,1391,"i couldn't remember if we needed-- checked my notes, it's due by midnight",0,-1,0,,,0,-1,0.390625,,train_oof,2
431,34,i want to find a train leaving cambridge and going to bishops stortford. can you help me,0,-1,0,,,0,-1,0.6625766871165644,,train_oof,2
435,1108,have you received my documentation? my warranty claim documentation,0,-1,0,,,0,-1,0.4864864864864865,,train_oof,2
440,969,could you check the status the status of that order that we,0,-1,0,,,0,-1,0.7642276422764228,,train_oof,2
444,751,"ah yes, yes, that's exactly what i was trying to remember",0,-1,0,,,0,-1,0.7107438016528925,,train_oof,2
445,221,the the team did such an an amazing job on the project we we exceeded all goals,0,-1,0,,,0,-1,0.5103448275862069,,train_oof,2
449,1524,the mathematics professor... explained the concept in a way that finally made sense,0,-1,0,,,0,-1,0.5194805194805194,,train_oof,2
451,1136,the product isn't working - the device i purchased last week isn't working,0,-1,0,,,0,-1,0.5161290322580645,,train_oof,2
452,141,considering the gallery but what's,0,-1,0,,,0,-1,0.5411764705882353,,train_oof,2
454,1752,the weather forecast predicts heavy rain throughout the weekend,0,-1,0,,,0,-1,0.5210084033613446,,train_oof,2
465,1451,the data shows that customer satisfaction well actually increased by thirty percent over the last quarter,0,-1,0,,,0,-1,0.3712574850299401,,train_oof,2
471,321,so if you look at the diagram on page- no wait let me just,0,-1,0,,,0,-1,0.3275862068965517,,train_oof,2
472,210,these these headphones are are just so uncomfortable i i need to return them right away,0,-1,0,,,0,-1,0.5454545454545454,,train_oof,2
482,1495,medical research indicates that actually i read when patients undergo,0,-1,0,,,0,-1,0.49635036496350365,,train_oof,2
495,1851,"you've seen how they handle these situations, haven't you, like that time",0,-1,0,,,0,-1,0.5874125874125874,,train_oof,2
501,1917,maybe there is one but i think it uhm,0,-1,0,,,0,-1,0.4,,train_oof,2
509,309,"the password should be capital p- um, no, lowercase p, followed by 2023",0,-1,0,,,0,-1,0.24806201550387597,,train_oof,2
511,14,"you know, it's kind of weird because",0,-1,0,,,0,-1,0.37681159420289856,,train_oof,2
513,214,the new the new software update is is making everything run so so much smoother now,0,-1,0,,,0,-1,0.4,,train_oof,2
516,1512,the software update needs to be installed... before we can access the new features,0,-1,0,,,0,-1,0.5714285714285714,,train_oof,2
519,1129,i need technical support - immediate technical support for my device,0,-1,0,,,0,-1,0.3698630136986301,,train_oof,2
528,1521,i think the best way to learn piano is... actually through daily practice with a metronome,0,-1,0,,,0,-1,0.32432432432432434,,train_oof,2
537,175,i was really frustrated with the traffic today but seeing my daughter win her science fair made everything worthwhile,0,-1,0,,,0,-1,0.31521739130434784,,train_oof,2
541,1390,the library hours might be-- they've extended them for finals week now,0,-1,0,,,0,-1,0.49624060150375937,,train_oof,2
547,735,"that will be all, thank you",0,-1,0,,,0,-1,0.8813559322033898,,train_oof,2
556,1453,the project deadline needs to be hold on a sec extended until next month due to technical issues,0,-1,0,,,0,-1,0.43023255813953487,,train_oof,2
557,438,oh right now i remember where i parked my car in the garage,0,-1,0,,,0,-1,0.6428571428571429,,train_oof,2
564,1889,"we've already discussed this in the standup, haven't we",0,-1,0,,,0,-1,0.460431654676259,,train_oof,2
565,882,squeal eeeee i can't believe i got the job offer,0,-1,0,,,0,-1,0.5057471264367817,,train_oof,2
571,1256,i started analyzing the performance data but then i noticed that it,0,-1,0,,,0,-1,0.4393939393939394,,train_oof,2
578,102,thank you very much. will they be contacting me,0,-1,0,,,0,-1,0.5757575757575758,,train_oof,2
583,1638,the magazine article mentioned an interesting method for growing,0,-1,0,,,0,-1,0.44776119402985076,,train_oof,2
585,1255,4 people for 5 nights starting sunday and i also need the ref # too please,0,-1,0,,,0,-1,0.5689655172413793,,train_oof,2
587,376,ugh fine i guess we can go to that restaurant you suggested for dinner,0,-1,0,,,0,-1,0.42105263157894735,,train_oof,2
594,1414,the swimming competition might be-- i see it's scheduled for march 12th,0,-1,0,,,0,-1,0.46601941747572817,,train_oof,2
601,1259,"thanks so much for stepping in. i was about to lose it. yes, this is all the information i need. thanks. goodbye",0,-1,0,,,0,-1,0.41025641025641024,,train_oof,2
604,460,hi there. can you help me find a restaurant in the centre,0,-1,0,,,0,-1,0.75,,train_oof,2
606,1844,glad we covered all the necessary information and now i'm wondering,0,-1,0,,,0,-1,0.42592592592592593,,train_oof,2
614,1805,the way they handled the situation wasnt it just,0,-1,0,,,0,-1,0.42718446601941745,,train_oof,2
617,470,"ugh, fine - i'll clean my room and do the dishes right now",0,-1,0,,,0,-1,0.33766233766233766,,train_oof,2
622,1429,think thats all for now,0,-1,0,,,0,-1,0.8260869565217391,,train_oof,2
627,964,"i'll need your signature, your digital signature by eod",0,-1,0,,,0,-1,0.23529411764705882,,train_oof,2
628,45,"i don't need a reservation, i just need the postcode",0,-1,0,,,0,-1,0.4835164835164835,,train_oof,2
633,378,i need that reference number to confirm my,0,-1,0,,,0,-1,0.6341463414634146,,train_oof,2
636,1776,concerning the feedback from users havent you noticed how,0,-1,0,,,0,-1,0.32786885245901637,,train_oof,2
641,1271,should we wait for the other no everyone confirmed their availability,0,-1,0,,,0,-1,0.37168141592920356,,train_oof,2
644,1013,did you see my message? my teams message about the outage,0,-1,0,,,0,-1,0.3076923076923077,,train_oof,2
646,638,that sounds really good where is it,0,-1,0,,,0,-1,0.44155844155844154,,train_oof,2
648,1898,the security audit looks promising doesnt it however there's,0,-1,0,,,0,-1,0.49019607843137253,,train_oof,2
658,594,dunno if ya heard what they was sayin bout the,0,-1,0,,,0,-1,0.5263157894736842,,train_oof,2
662,1396,"the study guide doesn't mention-- hold on, it's in the appendix section",0,-1,0,,,0,-1,0.3130434782608696,,train_oof,2
663,1637,when planning the summer vacation we should consider whether,0,-1,0,,,0,-1,0.3779527559055118,,train_oof,2
664,1052,i need one leaving after 17:00,0,-1,0,,,0,-1,0.5333333333333333,,train_oof,2
666,908,booking that train for 3 people and,0,-1,0,,,0,-1,0.5964912280701754,,train_oof,2
675,697,in the middle of,0,-1,0,,,0,-1,0.45714285714285713,,train_oof,2
677,1244,the client feedback suggests that we might need to unless we,0,-1,0,,,0,-1,0.5238095238095238,,train_oof,2
683,824,could you please get me the phone number,0,-1,0,,,0,-1,0.7105263157894737,,train_oof,2
684,1153,we should probably wait until no lets proceed with the deployment right now,0,-1,0,,,0,-1,0.45112781954887216,,train_oof,2
689,1968,while they were,0,-1,0,,,0,-1,0.3157894736842105,,train_oof,2
698,1937,are there any with free wifi available,0,-1,0,,,0,-1,0.4528301886792453,,train_oof,2
706,1283,"could we review the-- actually, i see you've marked it as urgent",0,-1,0,,,0,-1,0.35658914728682173,,train_oof,2
715,1695,the user feedback indicates that the interface might be too,0,-1,0,,,0,-1,0.48322147651006714,,train_oof,2
718,1803,these new headphones sound amazing right,0,-1,0,,,0,-1,0.5825242718446602,,train_oof,2
719,1215,the team suggested we should i spoke with leadership and got their approval,0,-1,0,,,0,-1,0.391304347826087,,train_oof,2
721,939,the coffee machine is broken the one is broken on the third floor,0,-1,0,,,0,-1,0.24347826086956523,,train_oof,2
724,867,sigh finally managed to finish all that paperwork today,0,-1,0,,,0,-1,0.656,,train_oof,2
732,650,oh yeah yeah that makes perfect sense now that you explain it,0,-1,0,,,0,-1,0.6428571428571429,,train_oof,2
737,1308,would it be possible to-- i see you've already granted the access rights,0,-1,0,,,0,-1,0.5352112676056338,,train_oof,2
740,1021,can you review my commits? my commits from last night's hotfix,0,-1,0,,,0,-1,0.4,,train_oof,2
744,571,dat new burger place downtown is prolly the best one yet,0,-1,0,,,0,-1,0.45454545454545453,,train_oof,2
745,268,"sis really came through with that bug fix, we love to see it periodt",0,-1,0,,,0,-1,0.3146067415730337,,train_oof,2
750,781,he was like szkoda że nie przyszłaś and i just stood there confused,0,-1,0,,,0,-1,0.37410071942446044,,train_oof,2
751,1868,we discussed this in the meeting didnt we before everything,0,-1,0,,,0,-1,0.44755244755244755,,train_oof,2
752,1186,im trying to understand why the system keeps i mean if we could just,1,0,1,1207,0,1,0,1.0,1207,train_oof,2
759,966,could you find a hotel that is near the,0,-1,0,,,0,-1,0.42105263157894735,,train_oof,2
761,424,hmm let me see if i can remember what she said about the,0,-1,0,,,0,-1,0.7368421052631579,,train_oof,2
767,160,this weather has destroyed all our plans and ruined the entire weekend,0,-1,0,,,0,-1,0.33707865168539325,,train_oof,2
768,1500,our marketing strategy should focus we already tried whenever the target audience,0,-1,0,,,0,-1,0.4489795918367347,,train_oof,2
771,1843,"this new software is much easier to use, wouldn't you agree",0,-1,0,,,0,-1,0.609375,,train_oof,2
780,1218,i wasnt sure about the deadline but i checked and its due next friday,0,-1,0,,,0,-1,0.48333333333333334,,train_oof,2
782,78,"well, if the pasta is, um, too expensive then i guess",0,-1,0,,,0,-1,0.35185185185185186,,train_oof,2
783,1830,"yes, everything has been great so far",0,-1,0,,,0,-1,0.3925233644859813,,train_oof,2
788,1531,the local farmers market opens... every saturday morning at sunrise,0,-1,0,,,0,-1,0.6616541353383458,,train_oof,2
789,215,that that movie was was absolutely um absolutely incredible i cant stop thinking about it,0,-1,0,,,0,-1,0.609271523178808,,train_oof,2
791,1502,the quantum computing research suggests no youre wrong when we consider the,0,-1,0,,,0,-1,0.44755244755244755,,train_oof,2
797,147,well basically everyone agreed to meet at the coffee shop tomorrow morning,0,-1,0,,,0,-1,0.3181818181818182,,train_oof,2
800,1184,the customer asked about delivery but i checked and their order shipped yesterday,0,-1,0,,,0,-1,0.4722222222222222,,train_oof,2
801,685,okay yeah yeah that explains the email from earlier,1,1,1,726,1,1,1,1.0,726,train_oof,2
817,1006,have you tested the api? the new api endpoints we deployed,0,-1,0,,,0,-1,0.4172661870503597,,train_oof,2
832,755,"yeah yeah, that's exactly how it should be done",0,-1,0,,,0,-1,0.6336633663366337,,train_oof,2
834,31,book a table for 1 on friday at 19:45 please. i'll need to have the reference number,0,-1,0,,,0,-1,0.49333333333333335,,train_oof,2
840,491,"oh my word, this spicy curry is making my eyes water so much",0,-1,0,,,0,-1,0.3333333333333333,,train_oof,2
847,1786,"i'm a beginner with no experience, but i'm",0,-1,0,,,0,-1,0.45112781954887216,,train_oof,2
849,757,considering the noodle bar menu and wondering if,0,-1,0,,,0,-1,0.7070707070707071,,train_oof,2
854,83,i will be departing from avalon,0,-1,0,,,0,-1,0.5,,train_oof,2
857,1516,renewable energy implementation we should discuss before the infrastructure,0,-1,0,,,0,-1,0.30434782608695654,,train_oof,2
858,1565,the customer feedback suggests that we might need to... although im not certain that,0,-1,0,,,0,-1,0.49673202614379086,,train_oof,2
871,89,account balance under $50 should be considered as,0,-1,0,,,0,-1,0.46938775510204084,,train_oof,2
872,862,the sensei was explaining about how we should focus on the,0,-1,0,,,0,-1,0.5321100917431193,,train_oof,2
875,1289,"could you possibly check if-- perfect, the backup completed at 07:00 utc",0,-1,0,,,0,-1,0.5753424657534246,,train_oof,2
877,1975,maybe later if,0,-1,0,,,0,-1,0.5333333333333333,,train_oof,2
883,899,the document should be in the shared folder in the shared um,0,-1,0,,,0,-1,0.3384615384615385,,train_oof,2
891,1122,the promotional code isn't working - the spring25 code on your website,0,-1,0,,,0,-1,0.3368421052631579,,train_oof,2
894,872,the lensfield hotel's parking situation is kinda um,0,-1,0,,,0,-1,0.46601941747572817,,train_oof,2
900,329,"the client's name is thompson- sorry, thomson with no 'p",0,-1,0,,,0,-1,0.3865546218487395,,train_oof,2
903,106,"any is fine, as long as it has free parking",0,-1,0,,,0,-1,0.5,,train_oof,2
910,1400,did someone already submit the-- i can confirm it went through at 07:20,0,-1,0,,,0,-1,0.5669291338582677,,train_oof,2
911,142,yes can you please. thank you,0,-1,0,,,0,-1,0.3582089552238806,,train_oof,2
924,1322,we were in the middle of the utc conversion when suddenly it just,0,-1,0,,,0,-1,0.6349206349206349,,train_oof,2
930,43,how about one that is in the expensive price range,0,-1,0,,,0,-1,0.591304347826087,,train_oof,2
932,506,"whew, finally finished organizing my entire closet after six hours",0,-1,0,,,0,-1,0.4838709677419355,,train_oof,2
938,788,do they have tables available,0,-1,0,,,0,-1,0.5454545454545454,,train_oof,2
942,675,"i purchased 12 tickets for the concert on april 15th, 2025",0,-1,0,,,0,-1,0.41739130434782606,,train_oof,2
943,863,i am just looking for information. what kind of hotel? hotel or guest house,0,-1,0,,,0,-1,0.5344827586206896,,train_oof,2
945,1480,i was thinking about what you said [thats not what i meant] regarding the project,0,-1,0,,,0,-1,0.6277372262773723,,train_oof,2
948,49,can you please check again? lan hong house,0,-1,0,,,0,-1,0.4520547945205479,,train_oof,2
949,1217,wow this is exactly what i was hoping we would achieve,0,-1,0,,,0,-1,0.42696629213483145,,train_oof,2
951,779,"ah yes, yes, that's exactly what i was trying to remember",0,-1,0,,,0,-1,0.7107438016528925,,train_oof,2
954,1211,have you noticed how the dashboard is showing these weird i mean its like,0,-1,0,,,0,-1,0.5594405594405595,,train_oof,2
956,1645,before starting the renovation we need to consider the,0,-1,0,,,0,-1,0.5172413793103449,,train_oof,2
964,1693,we should schedule the deployment for after business hours,0,-1,0,,,0,-1,0.5116279069767442,,train_oof,2
977,1158,i really dont think that the actually the new design looks much better than what we had before,0,-1,0,,,0,-1,0.5217391304347826,,train_oof,2
985,498,gotta get up early tomorra for that dentist 'pointment,0,-1,0,,,0,-1,0.45,,train_oof,2
990,666,uh huh got it so thats what the boss was talkin bout,0,-1,0,,,0,-1,0.543859649122807,,train_oof,2
993,143,honestly the blue shirt looks much better than the red one,0,-1,0,,,0,-1,0.44594594594594594,,train_oof,2
997,527,i was finna tell ya bout what happened when,0,-1,0,,,0,-1,0.651685393258427,,train_oof,2
1001,1941,we really nailed that presentation didnt we,0,-1,0,,,0,-1,0.4297520661157025,,train_oof,2
1002,1864,this should work in production shouldnt it although i'm worried that,0,-1,0,,,0,-1,0.35555555555555557,,train_oof,2
1003,29,we need to address those comments from the last code review that maybe,0,-1,0,,,0,-1,0.3333333333333333,,train_oof,2
1006,287,im going to wear my black uh my navy blue suit to the conference tomorrow,0,-1,0,,,0,-1,0.5538461538461539,,train_oof,2
1013,600,prolly shoulda mentioned earlier when they said,0,-1,0,,,0,-1,0.5714285714285714,,train_oof,2
1014,1395,"ok, how about an italian restaurant",0,-1,0,,,0,-1,0.43333333333333335,,train_oof,2
1023,722,okay yeah yeah and then what happened after the,0,-1,0,,,0,-1,0.6458333333333334,,train_oof,2
1043,652,mhm okay so thats why the system kept crashin yesterday,0,-1,0,,,0,-1,0.453781512605042,,train_oof,2
1047,315,the client asked for something like um maybe we should i mean,0,-1,0,,,0,-1,0.5692307692307692,,train_oof,2
1053,619,"i need a new phone case, something durable",0,-1,0,,,0,-1,0.42105263157894735,,train_oof,2
1062,1649,i am looking for a swimming pool to visit on the north side of town. can you help me with that,0,-1,0,,,0,-1,0.5416666666666666,,train_oof,2
1069,1984,like i was saying,0,-1,0,,,0,-1,0.3188405797101449,,train_oof,2
1070,1890,the tests are passing now arent they but i'm,0,-1,0,,,0,-1,0.32075471698113206,,train_oof,2
1078,1251,i want to find a hospital in town,0,-1,0,,,0,-1,0.3,,train_oof,2
1084,276,lowkey tired of how the staging environment keeps acting up whenever we,0,-1,0,,,0,-1,0.6382978723404256,,train_oof,2
1085,1625,i also need a taxi to get me there and back,0,-1,0,,,0,-1,0.6153846153846154,,train_oof,2
1092,390,mm well i was wondering if perhaps we could,0,-1,0,,,0,-1,0.6521739130434783,,train_oof,2
1107,159,the way the team came together and supported each other was really,0,-1,0,,,0,-1,0.37735849056603776,,train_oof,2
1108,24,could i have the post code,0,-1,0,,,0,-1,0.7142857142857143,,train_oof,2
1116,1571,our team managed to solve the problem... by approaching it from a different angle,0,-1,0,,,0,-1,0.32679738562091504,,train_oof,2
1119,629,dunno why my phone keeps actin up when i try texting,0,-1,0,,,0,-1,0.5346534653465347,,train_oof,2
1136,1887,you're familiar with the codebase arent you because i need,0,-1,0,,,0,-1,0.4175824175824176,,train_oof,2
1150,379,ah hold on i just remembered i left my keys in the kitchen drawer,0,-1,0,,,0,-1,0.3291139240506329,,train_oof,2
1151,946,the wifi keeps dropping it keeps dropping whenever im in the conference room,0,-1,0,,,0,-1,0.6285714285714286,,train_oof,2
1153,522,"maybe mexico, i've heard cancun is nice but i'm also thinking",0,-1,0,,,0,-1,0.3103448275862069,,train_oof,2
1159,247,aint nobody got time for them meetings when theyre runnin behind schedule like that,0,-1,0,,,0,-1,0.24516129032258063,,train_oof,2
1162,408,hmm well based on these test results we should adjust the medication dosage,0,-1,0,,,0,-1,0.42962962962962964,,train_oof,2
1170,1342,"i wanted to tell you about my-- wow, i see you've already met james at the party",0,-1,0,,,0,-1,0.52,,train_oof,2
1171,1705,the downtown renovation project will be completed by august 2025,0,-1,0,,,0,-1,0.39759036144578314,,train_oof,2
1176,1409,is it more of,0,-1,0,,,0,-1,0.35714285714285715,,train_oof,2
1184,167,dealing with this customer service representative is making me so,1,0,1,170,0,1,0,1.0,170,train_oof,2
1193,1345,"that should do it, thank you",0,-1,0,,,0,-1,0.36,,train_oof,2
1195,1277,i was just reviewing the documentation when suddenly the system kind of,0,-1,0,,,0,-1,0.6370370370370371,,train_oof,2
1209,220,my my car keeps keeps breaking down im im done with this unreliable piece of junk,0,-1,0,,,0,-1,0.33557046979865773,,train_oof,2
1214,1452,my grandmother taught me this recipe oh i know that one when i was just learning how to cook,0,-1,0,,,0,-1,0.7111111111111111,,train_oof,2
1218,1797,when you mentioned the client meeting wasnt there something,0,-1,0,,,0,-1,0.4,,train_oof,2
1219,1093,"can you find me an expensive place to stay, it should be only 4 stars and include free wifi and parking",0,-1,0,,,0,-1,0.4880952380952381,,train_oof,2
1228,1918,were all thinking the same thing arent we,0,-1,0,,,0,-1,0.6511627906976745,,train_oof,2
1233,270,"yooo, just pushed my first pr and the senior devs are showing mad love",0,-1,0,,,0,-1,0.17582417582417584,,train_oof,2
1240,1892,they're planning to refactor this module arent they once the,0,-1,0,,,0,-1,0.6610169491525424,,train_oof,2
1248,919,we should meet at six oclock yes six oclock at the main entrance,0,-1,0,,,0,-1,0.4339622641509434,,train_oof,2
1252,1536,the new security protocol requires... two factor authentication for all users,0,-1,0,,,0,-1,0.5205479452054794,,train_oof,2
1255,736,"yeah yeah, exactly what i thought about the new policy",1,1,1,769,1,1,1,1.0,769,train_oof,2
1256,1077,could you elaborate on this error? this validation error you mentioned,0,-1,0,,,0,-1,0.34782608695652173,,train_oof,2
1265,617,thanks. i also need a train for saturday,0,-1,0,,,0,-1,0.5416666666666666,,train_oof,2
1278,1305,i need a hospital please! i've been hurt,0,-1,0,,,0,-1,0.36220472440944884,,train_oof,2
1279,401,ah yes i remember now we need to pick up milk eggs and bread from the store,0,-1,0,,,0,-1,0.5793103448275863,,train_oof,2
1283,275,"ayy, just peeped how clean this refactoring turned out, we up",0,-1,0,,,0,-1,0.3434343434343434,,train_oof,2
1292,1441,was anyone able to get the-- team roster's just been updated online,0,-1,0,,,0,-1,0.6323529411764706,,train_oof,2
1298,1914,these documents need signing dont they unless we decide to,0,-1,0,,,0,-1,0.41935483870967744,,train_oof,2
6,1080,yes. do you know anything about a place called sheep's green and lammas land park fen causeway,0,-1,0,,,0,-1,0.25301204819277107,,train_oof,3
7,1460,the analysis confirms our initial wait let me see hypothesis about user engagement patterns,0,-1,0,,,0,-1,0.32748538011695905,,train_oof,3
12,1741,i was trying to access the repository but the permissions seem to be,0,-1,0,,,0,-1,0.46616541353383456,,train_oof,3
14,1588,considering the huntingdon marriott hotel but the location is somewhat,0,-1,0,,,0,-1,0.5384615384615384,,train_oof,3
15,1986,by taking the bus,0,-1,0,,,0,-1,0.22535211267605634,,train_oof,3
18,1778,you have. thank you. goodbye,0,-1,0,,,0,-1,0.5,,train_oof,3
27,1132,no,0,-1,0,,,0,-1,0.36363636363636365,,train_oof,3
28,260,mans really stood there lookin all types of confused while everybody was,0,-1,0,,,0,-1,0.4444444444444444,,train_oof,3
32,422,ah shoot what was i supposed to do with the thing that,0,-1,0,,,0,-1,0.5283018867924528,,train_oof,3
36,1223,they mentioned something about how the updates might affect the,0,-1,0,,,0,-1,0.631578947368421,,train_oof,3
37,1248,"okay, that sounds good, but what about my resume, i was thinking of",0,-1,0,,,0,-1,0.4367816091954023,,train_oof,3
38,88,i think the serial number 789xb requires,0,-1,0,,,0,-1,0.46808510638297873,,train_oof,3
41,341,"connect to server a- no, server b for the backup process",0,-1,0,,,0,-1,0.48695652173913045,,train_oof,3
43,1102,could you explain your reasoning? your logical reasoning for this output,0,-1,0,,,0,-1,0.5048543689320388,,train_oof,3
45,1152,im not sure if this is the right i can confirm the numbers match the quarterly report,0,-1,0,,,0,-1,0.4431137724550898,,train_oof,3
48,985,the ac isn't working - the ac in conference room c,0,-1,0,,,0,-1,0.4409448818897638,,train_oof,3
51,1137,we need to discuss the budget for next i just noticed that something in the,0,-1,0,,,0,-1,0.6382978723404256,,train_oof,3
58,1757,remember to back up your files before installing the update,0,-1,0,,,0,-1,0.3829787234042553,,train_oof,3
65,1097,the two-factor authentication two-factor authentication process keeps,0,-1,0,,,0,-1,0.5205479452054794,,train_oof,3
66,1302,"yes, is either of these hotels located in the north",0,-1,0,,,0,-1,0.45,,train_oof,3
76,1058,can you show me examples? real-world examples of what you mean,0,-1,0,,,0,-1,0.24778761061946902,,train_oof,3
86,990,i want indian food,0,-1,0,,,0,-1,0.5,,train_oof,3
87,1967,kind of like,0,-1,0,,,0,-1,0.3287671232876712,,train_oof,3
89,564,boutta start my new job next week at the mall,0,-1,0,,,0,-1,0.4716981132075472,,train_oof,3
94,1030,i am not particular. where are they located,0,-1,0,,,0,-1,0.4,,train_oof,3
95,1513,machine learning algorithms could thats not what i meant as the data suggests,0,-1,0,,,0,-1,0.21897810218978103,,train_oof,3
101,283,she told me that the document was um you know how sometimes you cant quite remember the,0,-1,0,,,0,-1,0.3609022556390977,,train_oof,3
103,1560,after reviewing all the candidates... we decided to promote sarah from within,0,-1,0,,,0,-1,0.47058823529411764,,train_oof,3
106,1311,could someone explain why the database is kind of like,0,-1,0,,,0,-1,0.45614035087719296,,train_oof,3
111,84,number of participants attending the,0,-1,0,,,0,-1,0.40707964601769914,,train_oof,3
114,3,i need the train for saturday and i'm going to cambridge,0,-1,0,,,0,-1,0.5416666666666666,,train_oof,3
120,1120,i've been trying to access trying to access my dashboard but it,0,-1,0,,,0,-1,0.56,,train_oof,3
123,1711,if we could implement a caching mechanism for the,0,-1,0,,,0,-1,0.3898305084745763,,train_oof,3
130,1904,"that's really impressive how you handled the meeting, wasn't it",0,-1,0,,,0,-1,0.5765765765765766,,train_oof,3
134,1690,i'm trying to get to the police station but somehow it got to,0,-1,0,,,0,-1,0.463768115942029,,train_oof,3
135,1629,i need to take a train to cambridge after 09:30,0,-1,0,,,0,-1,0.5046728971962616,,train_oof,3
136,732,"yes, please provide the phone number",0,-1,0,,,0,-1,0.7105263157894737,,train_oof,3
149,50,yes. that's exactly what i'm looking for,0,-1,0,,,0,-1,0.6597938144329897,,train_oof,3
151,1372,"have you seen where the-- alright, found the study room on the third floor",0,-1,0,,,0,-1,0.5960264900662252,,train_oof,3
154,1721,"ok, thanks for the",0,-1,0,,,0,-1,0.6857142857142857,,train_oof,3
155,641,"hello, i'm looking for information on the",0,-1,0,,,0,-1,0.56,,train_oof,3
157,631,boutta start cookin some ramen cause im way too hungry now,0,-1,0,,,0,-1,0.5882352941176471,,train_oof,3
159,27,i am looking for a cheap chinese place that has,0,-1,0,,,0,-1,0.5102040816326531,,train_oof,3
162,1370,i am planning a trip in cambridge,0,-1,0,,,0,-1,0.5714285714285714,,train_oof,3
185,1180,i was wondering if maybe oh i see youve already submitted the expense report,0,-1,0,,,0,-1,0.4666666666666667,,train_oof,3
186,1020,"i've updated the workflow, the github actions workflow for testing",0,-1,0,,,0,-1,0.32592592592592595,,train_oof,3
221,539,"i was going to- actually, i'm not sure what i was",0,-1,0,,,0,-1,0.4166666666666667,,train_oof,3
227,385,yes the new security protocols are now fully implemented,0,-1,0,,,0,-1,0.49624060150375937,,train_oof,3
229,1074,can we split the bill? split the bill between four credit cards,0,-1,0,,,0,-1,0.4032258064516129,,train_oof,3
236,1691,before pushing to production we need to make sure that the security,0,-1,0,,,0,-1,0.183206106870229,,train_oof,3
237,1579,during the meeting i wanted to bring up... but i wasnt sure if,0,-1,0,,,0,-1,0.39669421487603307,,train_oof,3
238,758,which one would be best for dinner tonight probably,0,-1,0,,,0,-1,0.26229508196721313,,train_oof,3
244,1668,the city council voted to expand the bike lane network downtown,0,-1,0,,,0,-1,0.4696969696969697,,train_oof,3
253,98,that sounds great. i'll need a reservation for 6 people for 4 nights on thursday,0,-1,0,,,0,-1,0.35233160621761656,,train_oof,3
261,1764,the cats been sleeping all day hasnt she,0,-1,0,,,0,-1,0.6,,train_oof,3
264,1361,"i can't seem to find my-- nevermind, my calculator's in my locker",0,-1,0,,,0,-1,0.38235294117647056,,train_oof,3
265,945,it will just be a table for one. go ahead and book it,0,-1,0,,,0,-1,0.425,,train_oof,3
270,1822,"that presentation template looks much cleaner now, wouldn't you agree",0,-1,0,,,0,-1,0.609375,,train_oof,3
272,308,please call sarah- i mean jennifer in hr about the forms,0,-1,0,,,0,-1,0.18461538461538463,,train_oof,3
273,1133,yes. that's right,0,-1,0,,,0,-1,0.358974358974359,,train_oof,3
280,1385,i was just about to start studying when my laptop suddenly,0,-1,0,,,0,-1,0.7213114754098361,,train_oof,3
283,168,they said yes,0,-1,0,,,0,-1,0.3157894736842105,,train_oof,3
288,1818,"even though it was r raining, i still i still managed to finish my morning run",0,-1,0,,,0,-1,0.45112781954887216,,train_oof,3
294,846,i would like to find a restaurant in the centre,0,-1,0,,,0,-1,0.75,,train_oof,3
296,420,gosh darn it i accidentally deleted all my vacation photos from last summer,0,-1,0,,,0,-1,0.34074074074074073,,train_oof,3
301,1317,we might need to consider-- i see the team has already addressed that issue,0,-1,0,,,0,-1,0.5857142857142857,,train_oof,3
310,950,about the price range and uh,0,-1,0,,,0,-1,0.5384615384615384,,train_oof,3
321,1141,could you check my case number? my support case #2025-0312,0,-1,0,,,0,-1,0.5454545454545454,,train_oof,3
330,778,"mhm, okay, i see why everyone voted for that option",1,1,1,753,1,1,1,1.0,753,train_oof,3
338,823,bro why you moving so challah take your time with it still,0,-1,0,,,0,-1,0.30303030303030304,,train_oof,3
359,1539,the artificial intelligence system learned... to recognize complex patterns in data,0,-1,0,,,0,-1,0.41025641025641024,,train_oof,3
361,956,i was wondering if- if maybe we could sort of,0,-1,0,,,0,-1,0.5294117647058824,,train_oof,3
373,1094,let's review your suggestion - your latest suggestion about the code,0,-1,0,,,0,-1,0.37593984962406013,,train_oof,3
378,513,what other cuisines are available for a moderate price range in the centre of town,0,-1,0,,,0,-1,0.6891891891891891,,train_oof,3
384,2,"i actually really need a booking in the east. is it possible for you to book me at the express holiday inn by cambridge instead? for tuesday, 3 people 4 nights",0,-1,0,,,0,-1,0.25773195876288657,,train_oof,3
391,1332,my oldest friend was telling me about how she wanted to maybe,0,-1,0,,,0,-1,0.5862068965517241,,train_oof,3
394,319,before we start i just wanted to say that um well the thing is,0,-1,0,,,0,-1,0.5471698113207547,,train_oof,3
395,323,they mentioned something about implementing the new uh what was it,0,-1,0,,,0,-1,0.24347826086956523,,train_oof,3
399,807,the professor was explaining and then said donc basically we all failed,0,-1,0,,,0,-1,0.2823529411764706,,train_oof,3
403,1956,that new restaurant was amazing wasnt it,0,-1,0,,,0,-1,0.6730769230769231,,train_oof,3
409,1163,were trying to figure out how to the new process is now fully documented,1,1,1,1206,1,1,1,1.0,1206,train_oof,3
416,488,"wow, speaking of what happened at the restaurant when we",0,-1,0,,,0,-1,0.7627118644067796,,train_oof,3
417,1272,the security team mentioned some i implemented all the required patches,0,-1,0,,,0,-1,0.4888888888888889,,train_oof,3
419,532,there will be 8 guests,0,-1,0,,,0,-1,0.3614457831325301,,train_oof,3
425,1321,"do we need to wait for-- no, all the tests passed successfully",0,-1,0,,,0,-1,0.6962962962962963,,train_oof,3
428,1250,considering the north and moderate price range and maybe something like,0,-1,0,,,0,-1,0.7323943661971831,,train_oof,3
434,1960,by taking the bus,0,-1,0,,,0,-1,0.22535211267605634,,train_oof,3
443,1318,not sure about that,0,-1,0,,,0,-1,0.5666666666666667,,train_oof,3
456,1882,"you'll be attending the workshop next week, won't you",0,-1,0,,,0,-1,0.5423728813559322,,train_oof,3
458,1935,everyone loves chocolate cake dont they,0,-1,0,,,0,-1,0.39603960396039606,,train_oof,3
459,450,er well the thing about what we discussed earlier was,0,-1,0,,,0,-1,0.5681818181818182,,train_oof,3
461,1913,the wifi seems faster today isnt it,0,-1,0,,,0,-1,0.64,,train_oof,3
467,1115,no i believe we got everything covered today.thanks. goodbye,0,-1,0,,,0,-1,0.5416666666666666,,train_oof,3
483,590,cmere and look at what the cat did to the curtains,0,-1,0,,,0,-1,0.43564356435643564,,train_oof,3
485,135,we should higher someone to fix the broken printer,0,-1,0,,,0,-1,0.3652173913043478,,train_oof,3
488,902,im looking for sarah from accounting sarah who handles the payroll systemell,0,-1,0,,,0,-1,0.37037037037037035,,train_oof,3
498,1430,our team captain tried to explain why we should,0,-1,0,,,0,-1,0.5043478260869565,,train_oof,3
500,1412,i thought our team practice would-- looks like coach rescheduled for thursday,0,-1,0,,,0,-1,0.18439716312056736,,train_oof,3
508,603,hafta admit dat new security guard is doin a real good job,0,-1,0,,,0,-1,0.35772357723577236,,train_oof,3
518,298,"could you grab me that file- the blue one, no the red one from my desk",0,-1,0,,,0,-1,0.5521472392638037,,train_oof,3
520,399,i am looking for a expensive place to eat in the centre,0,-1,0,,,0,-1,0.6134969325153374,,train_oof,3
521,1145,"no, that's not right. we need to do",0,-1,0,,,0,-1,0.5348837209302325,,train_oof,3
523,854,i told my nani about what happened and she just started,0,-1,0,,,0,-1,0.5714285714285714,,train_oof,3
524,543,ya know how sometimes when yer tryna explain,0,-1,0,,,0,-1,0.82,,train_oof,3
526,202,my my daughter she she did so amazing in her in her first dance recital im so proud,0,-1,0,,,0,-1,0.4563758389261745,,train_oof,3
527,1777,thinking about the new project timeline isnt there a way to,0,-1,0,,,0,-1,0.625,,train_oof,3
530,1159,i was thinking we should maybe we need to schedule the team meeting for next tuesday morning,0,-1,0,,,0,-1,0.5394736842105263,,train_oof,3
531,860,that was all i needed,0,-1,0,,,0,-1,0.4155844155844156,,train_oof,3
533,817,she really said vale vale and then ghosted everyone après ça,0,-1,0,,,0,-1,0.3055555555555556,,train_oof,3
534,1977,next to sarah,0,-1,0,,,0,-1,0.3055555555555556,,train_oof,3
535,1394,"was anyone able to access the-- oh good, the server's back up finally",0,-1,0,,,0,-1,0.6029411764705882,,train_oof,3
538,878,giggle hehe that meme you sent was actually hilarious,0,-1,0,,,0,-1,0.4594594594594595,,train_oof,3
545,1899,"we should implement these security patches first, shouldn't we",0,-1,0,,,0,-1,0.4603174603174603,,train_oof,3
546,235,"oh my, my heart started racing when i saw the, the email from",0,-1,0,,,0,-1,0.3050847457627119,,train_oof,3
553,1962,during summer break,0,-1,0,,,0,-1,0.3291139240506329,,train_oof,3
559,330,let's schedule it for may- i meant june 15th at 2 pm,0,-1,0,,,0,-1,0.3925233644859813,,train_oof,3
560,1640,"that is everything, still ironing out details, so i will call them later, thanks for your help",0,-1,0,,,0,-1,0.36923076923076925,,train_oof,3
562,1861,they're supposed to deliver the hardware today arent they unless,0,-1,0,,,0,-1,0.4740740740740741,,train_oof,3
574,811,bro that's cap fr fr على راسي i wouldn't lie about this,0,-1,0,,,0,-1,0.4107142857142857,,train_oof,3
582,1641,during the town hall meeting several residents expressed concerns about,0,-1,0,,,0,-1,0.41025641025641024,,train_oof,3
588,991,can you check the status check the status of that thing where we,0,-1,0,,,0,-1,0.7642276422764228,,train_oof,3
607,655,mmhm yeah and when you were saying bout the way that,0,-1,0,,,0,-1,0.7128712871287128,,train_oof,3
613,230,"i-i'm feeling really, really excited about this new job opportunity",0,-1,0,,,0,-1,0.38016528925619836,,train_oof,3
625,1969,under the table,0,-1,0,,,0,-1,0.5555555555555556,,train_oof,3
626,1631,your package weighing 12.4 kg will cost $78.50 to ship,0,-1,0,,,0,-1,0.3418803418803419,,train_oof,3
638,550,gonna hafta ask my sis if she wants to come too,0,-1,0,,,0,-1,0.46511627906976744,,train_oof,3
649,1477,the main reason i wanted to discuss excuse me but because yesterday when,0,-1,0,,,0,-1,0.5324675324675324,,train_oof,3
652,1131,"the installation guide is missing, missing from my delivery package",0,-1,0,,,0,-1,0.3230769230769231,,train_oof,3
655,445,i was wondering if it would be possible to find out more about the availability of rooms at both hotels for a three-night stay starting on,0,-1,0,,,0,-1,0.34065934065934067,,train_oof,3
656,903,the new software update the mandatory update needs to be installed today,0,-1,0,,,0,-1,0.5714285714285714,,train_oof,3
657,686,okay okay so let me see if i got this part where,0,-1,0,,,0,-1,0.5306122448979592,,train_oof,3
659,912,im trying to remember his name his name from the sales,0,-1,0,,,0,-1,0.49295774647887325,,train_oof,3
681,1915,youve heard about the merger havent you because apparently,0,-1,0,,,0,-1,0.3956043956043956,,train_oof,3
682,785,my tita always says anak you need to eat more kain tayo,0,-1,0,,,0,-1,0.49572649572649574,,train_oof,3
685,152,wow this new recipe turned out absolutely wonderful,0,-1,0,,,0,-1,0.5528455284552846,,train_oof,3
686,605,gimme a sec while i try to member what the,1,0,1,651,0,1,0,1.0,651,train_oof,3
696,1708,let me check... uhmm,0,-1,0,,,0,-1,0.358974358974359,,train_oof,3
702,850,"i just need to know the how many stars it has, the phone number there, and if they have wifi",0,-1,0,,,0,-1,0.5038167938931297,,train_oof,3
703,297,"i need to send this email to mark- no, wait, to mary from accounting",0,-1,0,,,0,-1,0.3652173913043478,,train_oof,3
705,1303,can you find a train going to cambridge that leaves after 19:45,0,-1,0,,,0,-1,0.5040650406504065,,train_oof,3
708,164,the service at this restaurant was horrible and the food was inedible,0,-1,0,,,0,-1,0.4768211920529801,,train_oof,3
709,1354,is the restaurant open at,0,-1,0,,,0,-1,0.5245901639344263,,train_oof,3
710,1053,the way you're processing my input processing my questions seems different than,1,0,1,1064,0,1,0,1.0,1064,train_oof,3
713,374,oh wow this recipe turned out exactly like my grandmothers used to make,0,-1,0,,,0,-1,0.31446540880503143,,train_oof,3
717,580,tryna figure out how to work this new phone system,0,-1,0,,,0,-1,0.5901639344262295,,train_oof,3
725,726,okay yeah yeah that explains the email from earlier,1,1,1,685,1,1,1,1.0,685,train_oof,3
728,578,"yeah, i need a reservation for 4 people on saturday at 12:30 please",0,-1,0,,,0,-1,0.59375,,train_oof,3
731,1280,"i was about to send the report, but-- oh, alex already submitted it",0,-1,0,,,0,-1,0.3875968992248062,,train_oof,3
734,642,hi! would you please help me find a hotel to stay at,0,-1,0,,,0,-1,0.5494505494505495,,train_oof,3
742,731,"oh right, so if i'm understanding correctly about what happened",0,-1,0,,,0,-1,0.7894736842105263,,train_oof,3
747,1633,what are the travel times for those trains,0,-1,0,,,0,-1,0.30952380952380953,,train_oof,3
753,1895,"they're planning to merge these branches soon, aren't they",0,-1,0,,,0,-1,0.7317073170731707,,train_oof,3
763,670,oh right right now i understand the whole situation,1,1,1,710,1,1,1,1.0,710,train_oof,3
765,911,i think we discussed this last week we definitely discussed this in the team meeting,0,-1,0,,,0,-1,0.44755244755244755,,train_oof,3
766,1160,could you please tell me what do you when is the project deadline for the marketing campaign,0,-1,0,,,0,-1,0.5,,train_oof,3
773,1961,from the grocery store,0,-1,0,,,0,-1,0.4578313253012048,,train_oof,3
777,271,ngl this new feature got me stressed cause the test coverage is looking,0,-1,0,,,0,-1,0.35374149659863946,,train_oof,3
792,1886,this feature was working yesterday wasnt it until someone,0,-1,0,,,0,-1,0.5172413793103449,,train_oof,3
793,1592,before making the final decision we should... because theres always,0,-1,0,,,0,-1,0.36,,train_oof,3
803,1406,i thought maybe we could form a study group but then,0,-1,0,,,0,-1,0.6,,train_oof,3
831,90,i'm looking for a train departing from cambridge on wednesday,0,-1,0,,,0,-1,0.5196850393700787,,train_oof,3
837,729,what time will driver,0,-1,0,,,0,-1,0.23684210526315788,,train_oof,3
838,997,"the cloud deployment, the aws deployment just finished successfully",0,-1,0,,,0,-1,0.3709677419354839,,train_oof,3
839,1930,you must be tired after that long flight arent you,0,-1,0,,,0,-1,0.5370370370370371,,train_oof,3
846,502,"gosh darn it, i knew i should have backed up those files earlier",0,-1,0,,,0,-1,0.35555555555555557,,train_oof,3
848,504,"ahh, nothing beats a hot cup of coffee on a cold morning",0,-1,0,,,0,-1,0.4,,train_oof,3
859,1978,so anyway i,0,-1,0,,,0,-1,0.2222222222222222,,train_oof,3
874,263,lowkey vibin with the whole setup but something bout it just makes me,0,-1,0,,,0,-1,0.38848920863309355,,train_oof,3
879,1881,"the documentation needs updating, doesn't it",0,-1,0,,,0,-1,0.6548672566371682,,train_oof,3
882,1507,the conference room should be available... right after the marketing team finishes their meeting,0,-1,0,,,0,-1,0.29411764705882354,,train_oof,3
888,22,yeah i want to book that hotel too. for the same group of people,0,-1,0,,,0,-1,0.4418604651162791,,train_oof,3
899,958,i meant train. i need a train ticket for monday,0,-1,0,,,0,-1,0.46153846153846156,,train_oof,3
905,812,the way she just came in saying hola to everyone and then,0,-1,0,,,0,-1,0.2318840579710145,,train_oof,3
912,1636,"i need a cheap place to stay, what would you recommend",0,-1,0,,,0,-1,0.2484472049689441,,train_oof,3
914,432,leaving cambridge and arriving at bishops stortford on wednesday around hmm,0,-1,0,,,0,-1,0.6625766871165644,,train_oof,3
921,1467,our survey indicates that most users but what about prefer the simplified interface design,0,-1,0,,,0,-1,0.48322147651006714,,train_oof,3
928,396,phew finally i managed to finish that huge project before the deadline,0,-1,0,,,0,-1,0.6666666666666666,,train_oof,3
929,1712,i would like something in the moderate price range and prefer a guesthouse,0,-1,0,,,0,-1,0.27586206896551724,,train_oof,3
939,1270,we were discussing the deployment schedule but then something about the,0,-1,0,,,0,-1,0.6106870229007634,,train_oof,3
941,425,i was thinking about the acorn guest house and wondering if it would be available for,0,-1,0,,,0,-1,0.28,,train_oof,3
946,829,the guy deadass said buenos dias in a chinese shop wallahi,0,-1,0,,,0,-1,0.5289256198347108,,train_oof,3
950,955,i really want that book that new book by margaret atwood,0,-1,0,,,0,-1,0.4,,train_oof,3
952,1707,"thank you, what's the post code",0,-1,0,,,0,-1,0.5614035087719298,,train_oof,3
957,1900,"we'll definitely need more developers for this sprint, won't we",0,-1,0,,,0,-1,0.45,,train_oof,3
963,128,could you tell me wear the new,0,-1,0,,,0,-1,0.6376811594202898,,train_oof,3
973,382,um so like when i was thinking about maybe going to the,0,-1,0,,,0,-1,0.47692307692307695,,train_oof,3
974,72,yes. for one person for 5 nights starting from thursday,0,-1,0,,,0,-1,0.6391752577319587,,train_oof,3
980,1139,can you escalate this ticket? this urgent ticket from yesterday,0,-1,0,,,0,-1,0.4603174603174603,,train_oof,3
983,653,ah yeah i get it now the reports need to be done differently,0,-1,0,,,0,-1,0.4672897196261682,,train_oof,3
989,454,ooh nice these new headphones sound way better than my old ones,0,-1,0,,,0,-1,0.5825242718446602,,train_oof,3
992,1610,please schedule for march twenty,0,-1,0,,,0,-1,0.41379310344827586,,train_oof,3
995,156,i cant believe they would do something this awful and just,0,-1,0,,,0,-1,0.4536082474226804,,train_oof,3
996,1170,have you seen the latest i just uploaded the final version to the shared drive,0,-1,0,,,0,-1,0.3698630136986301,,train_oof,3
1000,1987,in the top drawer,0,-1,0,,,0,-1,0.36585365853658536,,train_oof,3
1007,1758,the quarterly report shows a fifteen percent increase in sales,0,-1,0,,,0,-1,0.40718562874251496,,train_oof,3
1011,1101,i'm curious about your knowledge cutoff - your training cutoff date specifically,0,-1,0,,,0,-1,0.5098039215686274,,train_oof,3
1018,529,no thank you. that is great,0,-1,0,,,0,-1,0.711864406779661,,train_oof,3
1019,1419,the coach was explaining the new strategy but then,0,-1,0,,,0,-1,0.5148514851485149,,train_oof,3
1021,1896,"you've backed up the database already, haven't you",0,-1,0,,,0,-1,0.45871559633027525,,train_oof,3
1029,1860,we could optimize this function couldnt we if we just consider,0,-1,0,,,0,-1,0.2882882882882883,,train_oof,3
1031,1732,before we can proceed with the deployment we need to verify if the,0,-1,0,,,0,-1,0.524822695035461,,train_oof,3
1050,509,"whoa hold up, what were you saying about the new",0,-1,0,,,0,-1,0.4948453608247423,,train_oof,3
1057,233,"when-when i tried to explain the situation to my boss, he just",0,-1,0,,,0,-1,0.65625,,train_oof,3
1066,542,was boutta say somethin important bout the,0,-1,0,,,0,-1,0.3508771929824561,,train_oof,3
1071,412,no but i need a hotel,0,-1,0,,,0,-1,0.32,,train_oof,3
1079,402,mm yeah so i was thinking about maybe trying to figure out how,0,-1,0,,,0,-1,0.40298507462686567,,train_oof,3
1080,786,i deadass thought ai yaa this cannot be happening right now,0,-1,0,,,0,-1,0.46296296296296297,,train_oof,3
1082,858,"hi, what are some fun attractions in west cambridge",0,-1,0,,,0,-1,0.48695652173913045,,train_oof,3
1096,888,well if you think about what happened with the,0,-1,0,,,0,-1,0.6796116504854369,,train_oof,3
1097,1455,during the halftime break everyone started talking about,0,-1,0,,,0,-1,0.5098039215686274,,train_oof,3
1101,1207,im trying to understand why the system keeps i mean if we could just,1,0,1,1186,0,1,0,1.0,1186,train_oof,3
1102,1146,"sure, lets try that instead",0,-1,0,,,0,-1,0.32098765432098764,,train_oof,3
1103,801,hey amiga can you tell me donde está la nueva cafetería everyone's talking about,0,-1,0,,,0,-1,0.31343283582089554,,train_oof,3
1109,1591,the report indicates several areas where... although we havent fully,0,-1,0,,,0,-1,0.49635036496350365,,train_oof,3
1115,1593,the system architecture seems to be... unless someone can,0,-1,0,,,0,-1,0.4065040650406504,,train_oof,3
1117,1821,"the client feedback was quite positive this time around, wasn't it",0,-1,0,,,0,-1,0.49206349206349204,,train_oof,3
1118,346,"the bug affects chrome- wait, firefox and chrome browsers",0,-1,0,,,0,-1,0.23140495867768596,,train_oof,3
1120,1726,"the solar panels generate approximately 4,500 kilowatts of energy during peak summer hours",0,-1,0,,,0,-1,0.3023255813953488,,train_oof,3
1123,1442,"it might. can you please tell me the entrance fee, address, and phone number of all saints church",0,-1,0,,,0,-1,0.39097744360902253,,train_oof,3
1124,1204,they were saying something about how the deployment might affect the,0,-1,0,,,0,-1,0.5470085470085471,,train_oof,3
1126,820,mans be like habibi trust me then ghost you the next day,0,-1,0,,,0,-1,0.3925233644859813,,train_oof,3
1130,1742,"cheap, it needs free parking also",0,-1,0,,,0,-1,0.5263157894736842,,train_oof,3
1134,1783,no it's kind of,0,-1,0,,,0,-1,0.4444444444444444,,train_oof,3
1146,1897,"the new ui looks much cleaner now, doesn't it",0,-1,0,,,0,-1,0.68,,train_oof,3
1147,327,the documentation shows that we need to- um hold on let me just,0,-1,0,,,0,-1,0.640625,,train_oof,3
1148,1816,"the new project management software is more user-friendly, don't you think",0,-1,0,,,0,-1,0.49230769230769234,,train_oof,3
1154,848,"there will be 6 of us. 16:15, if possible",0,-1,0,,,0,-1,0.23008849557522124,,train_oof,3
1160,99,have they mentioned anything about when the new system will,0,-1,0,,,0,-1,0.5185185185185185,,train_oof,3
1165,593,lemme try first,0,-1,0,,,0,-1,0.5306122448979592,,train_oof,3
1167,1980,behind the couch,0,-1,0,,,0,-1,0.18181818181818182,,train_oof,3
1179,827,i told him yamete kudasai but he kept talking and talking,0,-1,0,,,0,-1,0.36036036036036034,,train_oof,3
1181,103,gps distance showing 234 miles from destination but route,0,-1,0,,,0,-1,0.3865546218487395,,train_oof,3
1182,495,"mmm, this has to be the best chocolate cake i've ever tasted",0,-1,0,,,0,-1,0.45901639344262296,,train_oof,3
1185,1831,"the marketing team suggested a new approach, didn't they, where",0,-1,0,,,0,-1,0.4909090909090909,,train_oof,3
1187,577,gimme a minute while i finish cleanin this mess up,0,-1,0,,,0,-1,0.5217391304347826,,train_oof,3
1197,1379,the friendship bracelet she gave me reminded me of that time when,0,-1,0,,,0,-1,0.4305555555555556,,train_oof,3
1199,833,i was like konnichiwa sensei and he just started laughing ngl,0,-1,0,,,0,-1,0.515625,,train_oof,3
1200,1681,the annual food festival will feature twenty local restaurants this year,0,-1,0,,,0,-1,0.4460431654676259,,train_oof,3
1202,705,ahh right now i remember what happened at the meeting,1,1,1,661,1,1,1,1.0,661,train_oof,3
1205,472,thank you for all of the helpful information,0,-1,0,,,0,-1,0.41025641025641024,,train_oof,3
1207,802,my abuela always says tranquila niña everything's gonna work out fine,0,-1,0,,,0,-1,0.23214285714285715,,train_oof,3
1216,706,"yes, that would be fine, thanks",0,-1,0,,,0,-1,0.6984126984126984,,train_oof,3
1223,129,thank you for all your help today. goodbye,0,-1,0,,,0,-1,0.19444444444444445,,train_oof,3
1230,1312,i thought we could maybe implement the-- unless theres a reason why,0,-1,0,,,0,-1,0.37894736842105264,,train_oof,3
1234,1258,we should probably address the issue with the before it becomes,0,-1,0,,,0,-1,0.5166666666666667,,train_oof,3
1237,1667,any guesthouse in the cheap range,0,-1,0,,,0,-1,0.5238095238095238,,train_oof,3
1243,1333,i tried reaching out to the group but something about the way they,0,-1,0,,,0,-1,0.4117647058823529,,train_oof,3
1245,1626,employee id 45721 has accessed level 2 at 07:45 am,0,-1,0,,,0,-1,0.3181818181818182,,train_oof,3
1253,105,"not right now, thanks. i am also looking for some places to go in the west area of town. what attractions do they offer there",0,-1,0,,,0,-1,0.5027932960893855,,train_oof,3
1257,208,we we had such a wonderful um wonderful time at the at the beach yesterday it was perfect,0,-1,0,,,0,-1,0.34108527131782945,,train_oof,3
1259,1183,they wanted us to review the no wait we already approved those changes last week,0,-1,0,,,0,-1,0.7215189873417721,,train_oof,3
1261,954,we need to finish the report finish the quarterly report by friday morning,0,-1,0,,,0,-1,0.5897435897435898,,train_oof,3
1262,409,yes that sounds like something i could try,0,-1,0,,,0,-1,0.5161290322580645,,train_oof,3
1263,516,"oh right, before i forget to mention something about the",0,-1,0,,,0,-1,0.66,,train_oof,3
1274,293,the meeting is in room three oh sorry room three fifteen on the second floor,0,-1,0,,,0,-1,0.48695652173913045,,train_oof,3
1277,1290,"the client was asking about the-- i just checked, it's been deployed successfully",0,-1,0,,,0,-1,0.5972222222222222,,train_oof,3
1281,680,it does not matter,0,-1,0,,,0,-1,0.8717948717948718,,train_oof,3
1282,1503,implementing artificial intelligence could thats not how it works because the systems,0,-1,0,,,0,-1,0.3220338983050847,,train_oof,3
1294,1652,the hotel should be in the cheap price range and should have a star of 4 with free wifi,0,-1,0,,,0,-1,0.4927536231884058,,train_oof,3
1301,742,"oh right, so if i'm understanding correctly about what happened",0,-1,0,,,0,-1,0.7894736842105263,,train_oof,3
22,1051,the manager wanted to discuss wanted to discuss something about our,0,-1,0,,,0,-1,0.5070422535211268,,train_oof,4
23,112,we are processing refund of $456.78 to card ending in,0,-1,0,,,0,-1,0.3787878787878788,,train_oof,4
24,68,that's fine. can i please have the phone number,0,-1,0,,,0,-1,0.6206896551724138,,train_oof,4
31,441,no. you're the best. have a great day. goodbye,0,-1,0,,,0,-1,0.4772727272727273,,train_oof,4
34,856,i don't care as long as it's expensive,0,-1,0,,,0,-1,0.4318181818181818,,train_oof,4
35,562,betcha didn't know that i was gonna,0,-1,0,,,0,-1,0.32432432432432434,,train_oof,4
50,1485,sustainable development requires we need to consider while ensuring that the,0,-1,0,,,0,-1,0.4217687074829932,,train_oof,4
53,1330,thank you. i also need a taxi two commute between the hotel and restaurant,0,-1,0,,,0,-1,0.6518518518518519,,train_oof,4
60,1205,do you know if anyone has i already updated the project timeline,1,1,1,1162,1,1,1,1.0,1162,train_oof,4
63,1564,my brother spent six months... learning how to build custom furniture,0,-1,0,,,0,-1,0.3724137931034483,,train_oof,4
69,1187,we were discussing the new features when suddenly the whole thing just,1,0,1,1199,0,1,0,1.0,1199,train_oof,4
73,714,yeah yeah okay that clears up the confusion bout timing,1,1,1,672,1,1,1,1.0,672,train_oof,4
79,570,aint nobody told me we was sposed to bring food today,0,-1,0,,,0,-1,0.5576923076923077,,train_oof,4
85,1744,"yes, but i need to book four more people as well",0,-1,0,,,0,-1,0.48,,train_oof,4
92,1294,"our team of 16 developers will be attending the tech summit on may 15th, 2025",0,-1,0,,,0,-1,0.35714285714285715,,train_oof,4
93,914,she said to bring cookies chocolate cookies for the party tomorrow,0,-1,0,,,0,-1,0.40625,,train_oof,4
97,1444,"can someone explain the new-- got it, rule changes take effect next week",0,-1,0,,,0,-1,0.4126984126984127,,train_oof,4
98,377,time to say bye but first what about those,0,-1,0,,,0,-1,0.13333333333333333,,train_oof,4
102,272,"deadass just fixed that blocking issue in like 5 minutes, i'm too nice with it",0,-1,0,,,0,-1,0.4142857142857143,,train_oof,4
105,117,i also am looking for a train on wednesday leaving peterborough,0,-1,0,,,0,-1,0.5645161290322581,,train_oof,4
122,1249,could you check if the system is i ran the diagnostics everything passed,0,-1,0,,,0,-1,0.4732824427480916,,train_oof,4
128,1936,youll need your passport for this trip wont you,0,-1,0,,,0,-1,0.325,,train_oof,4
141,669,hmm yeah yeah that makes way more sense than before,0,-1,0,,,0,-1,0.6607142857142857,,train_oof,4
148,227,"i-i was thinking about what you said about the, the project and i feel like",0,-1,0,,,0,-1,0.609375,,train_oof,4
153,977,i need access to the server - the development server in aws,0,-1,0,,,0,-1,0.48695652173913045,,train_oof,4
161,74,still available,0,-1,0,,,0,-1,0.5,,train_oof,4
164,821,she kept saying arey listen to me while trying to,0,-1,0,,,0,-1,0.2727272727272727,,train_oof,4
172,1426,sounds great. that is a guest house correct? what part of town,0,-1,0,,,0,-1,0.41237113402061853,,train_oof,4
176,979,"they're renovating the lobby, the main lobby on first floor",0,-1,0,,,0,-1,0.43548387096774194,,train_oof,4
179,1647,what is the phone number and address,0,-1,0,,,0,-1,0.35714285714285715,,train_oof,4
180,554,kinda thought maybe we could,0,-1,0,,,0,-1,0.5647058823529412,,train_oof,4
190,648,uh huh thats exactly what i was thinkin when they announced it,0,-1,0,,,0,-1,0.543859649122807,,train_oof,4
192,289,the movie starts at seven no eight tonight at the mall cinema,0,-1,0,,,0,-1,0.4528301886792453,,train_oof,4
197,1012,east part of town,0,-1,0,,,0,-1,0.8275862068965517,,train_oof,4
205,400,oh hey speaking of what happened at the party when we were all,0,-1,0,,,0,-1,0.7796610169491526,,train_oof,4
209,798,"yes, i was also looking for a place to stay somewhere in the north",0,-1,0,,,0,-1,0.5481481481481482,,train_oof,4
214,940,the client wants to meet wants to meet next wednesday afternoon,0,-1,0,,,0,-1,0.39473684210526316,,train_oof,4
215,1172,we need to discuss the budget for i pulled the numbers and were under target,0,-1,0,,,0,-1,0.5915492957746479,,train_oof,4
217,1971,just as we were,0,-1,0,,,0,-1,0.4666666666666667,,train_oof,4
218,257,im lowkey obsessed with how these sneakers look on me ngl theyre bussin,0,-1,0,,,0,-1,0.4,,train_oof,4
224,1728,yes. book for 3 people,0,-1,0,,,0,-1,0.5964912280701754,,train_oof,4
226,286,the reason i called was because yesterday when i oh wait thats not what i meant to,0,-1,0,,,0,-1,0.5324675324675324,,train_oof,4
232,1107,i'm checking on my refund status - my refund from order #lb-443,0,-1,0,,,0,-1,0.4426229508196721,,train_oof,4
234,1476,if we consider the financial implications of no thats not right and then the quarterly,0,-1,0,,,0,-1,0.45569620253164556,,train_oof,4
239,586,betcha cant guess what i got ya for ya birthday,0,-1,0,,,0,-1,0.33043478260869563,,train_oof,4
243,367,"the staging server is dev1- sorry, dev2.example.com",0,-1,0,,,0,-1,0.21238938053097345,,train_oof,4
260,1866,"you're going to the meeting tomorrow morning, aren't you",0,-1,0,,,0,-1,0.6336633663366337,,train_oof,4
266,1923,the concert was absolutely worth it wasnt it,0,-1,0,,,0,-1,0.6896551724137931,,train_oof,4
271,58,fez club sounds great! is the phone number available,0,-1,0,,,0,-1,0.5283018867924528,,train_oof,4
278,1261,"actually, i would prefer the cinema",0,-1,0,,,0,-1,0.5172413793103449,,train_oof,4
285,572,lemme telya sumthin bout what happened at school today,0,-1,0,,,0,-1,0.5567010309278351,,train_oof,4
287,170,dealing with this customer service representative is making me so,1,0,1,167,0,1,0,1.0,167,train_oof,4
289,1944,the meeting starts at two oclock doesnt it,0,-1,0,,,0,-1,0.41509433962264153,,train_oof,4
291,599,aint nobody ever told me why they always be,0,-1,0,,,0,-1,0.5957446808510638,,train_oof,4
293,1736,"according to the metrics, our platform usage has doubled since january",0,-1,0,,,0,-1,0.4307692307692308,,train_oof,4
297,473,"hey listen, i really appreciate you taking the time to explain this to me",0,-1,0,,,0,-1,0.45161290322580644,,train_oof,4
300,387,geez that movie was absolutely incredible from start to finish,0,-1,0,,,0,-1,0.5960264900662252,,train_oof,4
304,38,"uh, i was hoping to get a taxi, but",0,-1,0,,,0,-1,0.410958904109589,,train_oof,4
317,1614,flight aa4527 is delayed by 45 minutes due to weather,0,-1,0,,,0,-1,0.36363636363636365,,train_oof,4
326,1454,considering the west one and wondering if they have,0,-1,0,,,0,-1,0.7272727272727273,,train_oof,4
327,461,"oh wait, i just remembered something about the project that we",0,-1,0,,,0,-1,0.591304347826087,,train_oof,4
328,446,mm i wonder if perhaps we should consider how the,0,-1,0,,,0,-1,0.6521739130434783,,train_oof,4
329,23,i would also like it to include free wifi and have a star rating of 2,0,-1,0,,,0,-1,0.45348837209302323,,train_oof,4
331,173,that was absolutely the best concert i have ever been to in my entire life,0,-1,0,,,0,-1,0.3194444444444444,,train_oof,4
334,926,the system keeps showing an error showing an error whenever i try to,0,-1,0,,,0,-1,0.6853146853146853,,train_oof,4
342,85,yes please try the shiraz restaurant,0,-1,0,,,0,-1,0.5245901639344263,,train_oof,4
349,73,"no i think that's everything, thanks",0,-1,0,,,0,-1,0.36923076923076925,,train_oof,4
362,61,no hang on let me think about,0,-1,0,,,0,-1,0.32142857142857145,,train_oof,4
364,1702,please see what you can find out about jesus college,0,-1,0,,,0,-1,0.3106796116504854,,train_oof,4
367,345,"please assign this ticket to team blue- uh no, team red instead",0,-1,0,,,0,-1,0.35555555555555557,,train_oof,4
377,1399,how about for 10:15,0,-1,0,,,0,-1,0.6111111111111112,,train_oof,4
382,721,mmhm thats exactly what i needed to know bout the update,0,-1,0,,,0,-1,0.5688073394495413,,train_oof,4
387,474,"geez, i had no idea planning a wedding would be this complicated",0,-1,0,,,0,-1,0.4536082474226804,,train_oof,4
396,974,i think we should review the policy the policy about how we,0,-1,0,,,0,-1,0.3185840707964602,,train_oof,4
401,1723,"again, thanks for",0,-1,0,,,0,-1,0.6857142857142857,,train_oof,4
402,1086,the way i see it if we could somehow manage to coordinate with the development team on this specific feature then perhaps we,0,-1,0,,,0,-1,0.23952095808383234,,train_oof,4
413,626,imma tell ya the real reason why they was,0,-1,0,,,0,-1,0.42592592592592593,,train_oof,4
414,569,finna explain why i couldn't make it to the,0,-1,0,,,0,-1,0.32432432432432434,,train_oof,4
426,223,yes i can definitely help you with that task right now,0,-1,0,,,0,-1,0.5974025974025974,,train_oof,4
432,943,can you send me those files those project files from last weeks meeting,0,-1,0,,,0,-1,0.5373134328358209,,train_oof,4
433,704,i need a train that leaves after 11:00 and goes to cambridge,0,-1,0,,,0,-1,0.5203252032520326,,train_oof,4
437,1590,"the shipment of 275 units will arrive on march 15th, 2025",0,-1,0,,,0,-1,0.4,,train_oof,4
441,1706,looking at the parkside police station location and wondering about the exact,0,-1,0,,,0,-1,0.463768115942029,,train_oof,4
450,1533,i was thinking about what you said regarding the... and whether we should,0,-1,0,,,0,-1,0.6666666666666666,,train_oof,4
453,237,i cant find that,0,-1,0,,,0,-1,0.5641025641025641,,train_oof,4
455,26,"thanks, that's all i need today. you've been a great help",0,-1,0,,,0,-1,0.631578947368421,,train_oof,4
457,1916,that jacket looks perfect on you doesnt it,0,-1,0,,,0,-1,0.5631067961165048,,train_oof,4
462,1456,we could try the new restaurant i heard its expensive downtown they have amazing reviews online,0,-1,0,,,0,-1,0.5031446540880503,,train_oof,4
463,1807,when you mentioned the budget cuts werent they supposed to,0,-1,0,,,0,-1,0.5,,train_oof,4
466,12,i'm looking for a train that goes to cambridge and leaves on friday. any ideas,0,-1,0,,,0,-1,0.5531914893617021,,train_oof,4
470,451,gosh its like whenever i think about how people sometimes,0,-1,0,,,0,-1,0.5,,train_oof,4
473,988,"i've updated the document, the requirements document in sharepoint",0,-1,0,,,0,-1,0.4126984126984127,,train_oof,4
476,1432,the tournament schedule showed that we might need to,0,-1,0,,,0,-1,0.42990654205607476,,train_oof,4
493,1912,theyve changed the schedule again havent they,0,-1,0,,,0,-1,0.4,,train_oof,4
494,602,sounds good. i need the postcode please,0,-1,0,,,0,-1,0.3728813559322034,,train_oof,4
497,1060,i need to figure out the schedule the schedule for next,1,0,1,1054,0,1,0,1.0,1054,train_oof,4
507,803,i was like waiting there and then he says mach schnell and starts running,0,-1,0,,,0,-1,0.2222222222222222,,train_oof,4
510,1515,that restaurant downtown... serves the most authentic thai food ive ever tasted,0,-1,0,,,0,-1,0.48120300751879697,,train_oof,4
515,839,my nani always says beta eat properly otherwise youll get sick,0,-1,0,,,0,-1,0.49572649572649574,,train_oof,4
517,640,considering the expensive options at peking restaurant and maybe,0,-1,0,,,0,-1,0.4044943820224719,,train_oof,4
532,696,can you look at the cheap price range for me please,0,-1,0,,,0,-1,0.5569620253164557,,train_oof,4
536,388,hey you know that thing where people sometimes,0,-1,0,,,0,-1,0.45098039215686275,,train_oof,4
544,1845,"we could try that new approach, couldn't we, if",0,-1,0,,,0,-1,0.5272727272727272,,train_oof,4
548,187,"yes, that will be all. thank you",0,-1,0,,,0,-1,0.8813559322033898,,train_oof,4
551,1841,"they moved the deadline to next friday, didn't they",0,-1,0,,,0,-1,0.5166666666666667,,train_oof,4
552,1222,can we discuss the way that the system is kind of whenever it,0,-1,0,,,0,-1,0.4264705882352941,,train_oof,4
561,1855,"we should probably tell the manager about this, shouldn't we, considering",0,-1,0,,,0,-1,0.6615384615384615,,train_oof,4
563,1745,they've implemented a new recycling program in our office building,0,-1,0,,,0,-1,0.3787878787878788,,train_oof,4
567,46,uh i was expecting the fare to be lower but,0,-1,0,,,0,-1,0.4444444444444444,,train_oof,4
573,1809,if we consider the previous results dont you think we should,0,-1,0,,,0,-1,0.2463768115942029,,train_oof,4
580,1770,given the current situation dont you suppose we might,0,-1,0,,,0,-1,0.38095238095238093,,train_oof,4
584,1784,you're welcome,0,-1,0,,,0,-1,0.3389830508474576,,train_oof,4
589,277,i need to book a flight for next no wait for this thursday i mean friday morning to chicago,0,-1,0,,,0,-1,0.4713375796178344,,train_oof,4
590,1684,our neighborhood watch program has reduced incidents significantly,0,-1,0,,,0,-1,0.4409448818897638,,train_oof,4
591,484,"well, the thing about why i couldn't make it to the event",0,-1,0,,,0,-1,0.5619834710743802,,train_oof,4
592,1505,cognitive behavioral therapy can let me stop you there when patients experience,0,-1,0,,,0,-1,0.2318840579710145,,train_oof,4
593,559,we need to figure out what happened to those files that were in maybe,0,-1,0,,,0,-1,0.5043478260869565,,train_oof,4
602,363,looking at the error message it seems like the uh when it tries to,0,-1,0,,,0,-1,0.5079365079365079,,train_oof,4
618,313,i'm trying to remember who was supposed to uh which person was going to,0,-1,0,,,0,-1,0.7547169811320755,,train_oof,4
619,737,"oh right, right, just like what happened last summer",0,-1,0,,,0,-1,0.5043478260869565,,train_oof,4
624,620,aint nobody ever seen anythin like what happened at the game,0,-1,0,,,0,-1,0.5471698113207547,,train_oof,4
629,623,i need to go to peterborough on tuesday please,0,-1,0,,,0,-1,0.6851851851851852,,train_oof,4
630,60,you know i only have a ten so,0,-1,0,,,0,-1,0.4,,train_oof,4
632,100,i need a taxi to take me to pipasha restaurant to leave after 01:45,0,-1,0,,,0,-1,0.5766871165644172,,train_oof,4
634,1448,i think we should definitely yeah but go to the beach this weekend since the weather will be perfect,0,-1,0,,,0,-1,0.4782608695652174,,train_oof,4
640,444,oh right before i forget i wanted to ask you if maybe,0,-1,0,,,0,-1,0.8041237113402062,,train_oof,4
643,1143,"i'm sorry, could you actually amend that train reservation for 2 people instead? also, i will need the postcode for milton country park we talked about earlier",0,-1,0,,,0,-1,0.3791469194312796,,train_oof,4
651,845,she kept saying por favor listen to me while trying to,0,-1,0,,,0,-1,0.2535211267605634,,train_oof,4
660,28,yes provided that everyone agrees to,0,-1,0,,,0,-1,0.3673469387755102,,train_oof,4
661,136,"that's too late. i need something that arrives by 8:00, please",0,-1,0,,,0,-1,0.5625,,train_oof,4
670,1338,is the system back up? can you make that booking i asked for,0,-1,0,,,0,-1,0.4421052631578947,,train_oof,4
671,999,"i'm updating my status, my project status for the march report",0,-1,0,,,0,-1,0.34710743801652894,,train_oof,4
673,1209,the client requested some changes to the i think we need to consider,0,-1,0,,,0,-1,0.6717557251908397,,train_oof,4
680,1520,my grandmother taught me how to make this recipe... when i was just starting high school,0,-1,0,,,0,-1,0.7111111111111111,,train_oof,4
690,1834,i'm looking for a 4-star guesthouse that has,0,-1,0,,,0,-1,0.5585585585585585,,train_oof,4
695,1168,the system keeps showing these i managed to resolve the connection errors,0,-1,0,,,0,-1,0.4189189189189189,,train_oof,4
707,674,right right and then what happened with the whole,0,-1,0,,,0,-1,0.6470588235294118,,train_oof,4
714,1210,wrapping up here goodbye meeting was productive,0,-1,0,,,0,-1,0.32,,train_oof,4
729,693,oh right right and then the part where they were,0,-1,0,,,0,-1,0.5656565656565656,,train_oof,4
736,1826,"the team's performance has improved significantly since january, hasn't it",0,-1,0,,,0,-1,0.40236686390532544,,train_oof,4
738,1192,could you possibly look at the oh i notice youve fixed the formatting issues,0,-1,0,,,0,-1,0.37681159420289856,,train_oof,4
741,1427,i started warming up but then my shoulder kind of,0,-1,0,,,0,-1,0.5669291338582677,,train_oof,4
749,545,the ceremony starts at half past two in the afternoon,0,-1,0,,,0,-1,0.4067796610169492,,train_oof,4
754,410,ugh honestly the traffic today made me arrive thirty minutes late to work,0,-1,0,,,0,-1,0.4580152671755725,,train_oof,4
755,688,right got it so thats how were supposed to handle it,1,1,1,724,1,1,1,1.0,724,train_oof,4
764,203,the um the customer service was was just terrible they they never helped me at all,0,-1,0,,,0,-1,0.4503311258278146,,train_oof,4
770,887,grunt hnng this box is way heavier than it looks,0,-1,0,,,0,-1,0.39622641509433965,,train_oof,4
772,1768,in terms of the deployment schedule isnt there a chance that,0,-1,0,,,0,-1,0.5801526717557252,,train_oof,4
775,1428,the referee was about to call the play when suddenly,0,-1,0,,,0,-1,0.6379310344827587,,train_oof,4
784,1498,considering the economic implications hold on a minute since the financial,0,-1,0,,,0,-1,0.4520547945205479,,train_oof,4
794,1583,i paid $429.99 for the deluxe gaming package,0,-1,0,,,0,-1,0.205607476635514,,train_oof,4
795,1611,can you check why patient #4582 missed their,0,-1,0,,,0,-1,0.46296296296296297,,train_oof,4
799,1371,"do we need to include citations for-- yes, five sources minimum per guidelines",0,-1,0,,,0,-1,0.3384615384615385,,train_oof,4
804,71,i have no preference. can i please have the address and phone number of one of them,0,-1,0,,,0,-1,0.4580152671755725,,train_oof,4
806,661,ahh right now i remember what happened at the meeting,1,1,1,705,1,1,1,1.0,705,train_oof,4
807,1642,the local food bank needs volunteers for their wednesday distribution,0,-1,0,,,0,-1,0.5217391304347826,,train_oof,4
808,1813,"the holiday party venue looks absolutely stunning, doesn't it",0,-1,0,,,0,-1,0.5242718446601942,,train_oof,4
810,1239,could you help me understand why the metrics are kind of like,0,-1,0,,,0,-1,0.3287671232876712,,train_oof,4
816,193,my flight got delayed for hours yet i met someone who became my best business partner during the wait,0,-1,0,,,0,-1,0.3522012578616352,,train_oof,4
820,978,theyre asking about the budget the budget for the new,0,-1,0,,,0,-1,0.6218487394957983,,train_oof,4
821,1085,the activation code the activation code you sent me doesn't seem to,0,-1,0,,,0,-1,0.5045045045045045,,train_oof,4
822,654,mmkay yeah we definitely need to update the schedule then,0,-1,0,,,0,-1,0.5357142857142857,,train_oof,4
825,366,going to cambridge and then probably taking the train that arrives around,0,-1,0,,,0,-1,0.27906976744186046,,train_oof,4
826,373,the testing environment keeps showing this weird uh whenever we try to,0,-1,0,,,0,-1,0.6382978723404256,,train_oof,4
828,1034,could you modify the salad? the caesar salad without anchovies,0,-1,0,,,0,-1,0.48120300751879697,,train_oof,4
830,1620,"please transfer $2,500 to account ending in 4721",0,-1,0,,,0,-1,0.21052631578947367,,train_oof,4
833,1150,do you think we should maybe i saw that you already updated the documentation yesterday,0,-1,0,,,0,-1,0.6153846153846154,,train_oof,4
836,15,sounds great! can you set up a reservation,0,-1,0,,,0,-1,0.47540983606557374,,train_oof,4
844,1027,the deployment failed the deployment that was supposed to,0,-1,0,,,0,-1,0.3709677419354839,,train_oof,4
853,1076,"i need to understand your parameters, your specific parameters for this task",0,-1,0,,,0,-1,0.5298013245033113,,train_oof,4
860,702,mm yeah yeah that explains why everyone was upset,0,-1,0,,,0,-1,0.6,,train_oof,4
866,536,betcha didn't expect to see me here today didja,0,-1,0,,,0,-1,0.26666666666666666,,train_oof,4
868,1829,"the traffic gets worse every year during tourist season, doesn't it",0,-1,0,,,0,-1,0.19444444444444445,,train_oof,4
869,1307,"okay, just let me get a reference number when you book it",0,-1,0,,,0,-1,0.4536082474226804,,train_oof,4
870,568,dunno why they keep changin the schedule like dat,0,-1,0,,,0,-1,0.4423076923076923,,train_oof,4
876,746,"ok great, that is everything i needed to know. thank you for your help",0,-1,0,,,0,-1,0.37209302325581395,,train_oof,4
880,548,whatchu think bout maybe we could,0,-1,0,,,0,-1,0.24074074074074073,,train_oof,4
895,556,dat new coffee place makes the best cappuccino,0,-1,0,,,0,-1,0.5490196078431373,,train_oof,4
904,122,i would like to stay in the north but can you try in the moderate price range and see if any are available,0,-1,0,,,0,-1,0.5536723163841808,,train_oof,4
906,1725,my kids are wanting to swim. what are the options in that area of town,0,-1,0,,,0,-1,0.358974358974359,,train_oof,4
907,407,oh boy this new video game is absolutely everything i hoped it would be,0,-1,0,,,0,-1,0.425,,train_oof,4
908,1072,could you check if there's dairy? if there's any dairy in the sauce,0,-1,0,,,0,-1,0.3466666666666667,,train_oof,4
915,625,sposed to explain why the whole thing with the,0,-1,0,,,0,-1,0.46153846153846156,,train_oof,4
918,1584,"our team reached 1,000 subscribers yesterday",0,-1,0,,,0,-1,0.44,,train_oof,4
920,1347,"i wasn't sure if anyone would-- look, everyone rsvp'd for the reunion",0,-1,0,,,0,-1,0.3448275862068966,,train_oof,4
925,1657,no stars would work for me,0,-1,0,,,0,-1,0.14285714285714285,,train_oof,4
927,1154,the main issue seems to be that hold on the server capacity reached its limit at peak hours,0,-1,0,,,0,-1,0.2585034013605442,,train_oof,4
935,1549,the renewable energy initiative saved... more than we initially projected,0,-1,0,,,0,-1,0.4774193548387097,,train_oof,4
940,361,you'll find it in the docs- i mean the wiki section instead,0,-1,0,,,0,-1,0.32558139534883723,,train_oof,4
958,1398,my classmate tried explaining the homework but something about,0,-1,0,,,0,-1,0.5309734513274337,,train_oof,4
960,1384,what are the theatres options,0,-1,0,,,0,-1,0.2692307692307692,,train_oof,4
961,209,thank you for the help,0,-1,0,,,0,-1,0.6333333333333333,,train_oof,4
966,1666,the cherry blossom festival committee finalized all event locations,0,-1,0,,,0,-1,0.5294117647058824,,train_oof,4
967,1088,trying to find a train from cambridge that arrives at london around,0,-1,0,,,0,-1,0.6307692307692307,,train_oof,4
969,1292,we need to discuss the budget for-- i see the numbers were finalized yesterday,0,-1,0,,,0,-1,0.5694444444444444,,train_oof,4
971,1856,"they've completely redesigned the website interface, haven't they",0,-1,0,,,0,-1,0.37777777777777777,,train_oof,4
976,1320,"the database was showing some-- excellent, the maintenance fixed everything",0,-1,0,,,0,-1,0.4,,train_oof,4
981,859,need to check availability for that time and,0,-1,0,,,0,-1,0.37168141592920356,,train_oof,4
988,335,"great, thanks for your help",0,-1,0,,,0,-1,0.7441860465116279,,train_oof,4
994,1990,about three hours ago,0,-1,0,,,0,-1,0.28865979381443296,,train_oof,4
999,701,yeah yeah so if im following correctly about the,0,-1,0,,,0,-1,0.6666666666666666,,train_oof,4
1004,1254,i think we need to review the wait i see latishab already approved the changes,0,-1,0,,,0,-1,0.7215189873417721,,train_oof,4
1005,1376,"i thought the presentation was-- ah, latisha's handling the slides today",0,-1,0,,,0,-1,0.3724137931034483,,train_oof,4
1008,996,i'm looking for those files those important files from the meeting where,0,-1,0,,,0,-1,0.3333333333333333,,train_oof,4
1009,1808,"well, the reason i came here is because",0,-1,0,,,0,-1,0.45045045045045046,,train_oof,4
1022,92,the train should depart from cambridge and should go to kings lynn,0,-1,0,,,0,-1,0.4881889763779528,,train_oof,4
1024,8,"no, but how about attractions in the same area as the restaurant",0,-1,0,,,0,-1,0.6527777777777778,,train_oof,4
1026,337,the deployment process should probably um let me check the,0,-1,0,,,0,-1,0.4,,train_oof,4
1030,1819,gallery at twelve has a phone number that,0,-1,0,,,0,-1,0.37333333333333335,,train_oof,4
1032,486,sunday please,0,-1,0,,,0,-1,0.7272727272727273,,train_oof,4
1033,1364,searching for hotels in,0,-1,0,,,0,-1,0.32432432432432434,,train_oof,4
1036,216,yes for the weekend,0,-1,0,,,0,-1,0.6285714285714286,,train_oof,4
1038,357,"yes, please make reservations for 5 people at 16:45 on monday",0,-1,0,,,0,-1,0.59375,,train_oof,4
1041,306,"the new office is on park- no, madison avenue, right by the subway",0,-1,0,,,0,-1,0.33663366336633666,,train_oof,4
1045,1908,the temperature dropped quite a bit didnt it,0,-1,0,,,0,-1,0.6,,train_oof,4
1051,430,considering the time and thinking about arriving by,0,-1,0,,,0,-1,0.5858585858585859,,train_oof,4
1052,172,that is all for now. thank you for your help,0,-1,0,,,0,-1,0.6097560975609756,,train_oof,4
1054,52,can you check for a type of architecture in the centre area please,0,-1,0,,,0,-1,0.4065040650406504,,train_oof,4
1060,1517,yes i would also like a taxi to commute between the two places,0,-1,0,,,0,-1,0.8617886178861789,,train_oof,4
1065,1748,that is it for today thank you for asking,0,-1,0,,,0,-1,0.4931506849315068,,train_oof,4
1072,683,mmhm thats exactly what i needed to know bout the update,0,-1,0,,,0,-1,0.5688073394495413,,train_oof,4
1087,232,"oh my gosh, this-this cake is just, just incredibly delicious",0,-1,0,,,0,-1,0.47244094488188976,,train_oof,4
1090,63,i need the place to be in the east part of town,0,-1,0,,,0,-1,0.4067796610169492,,train_oof,4
1091,1650,while organizing my closet i found that vintage dress from,0,-1,0,,,0,-1,0.532258064516129,,train_oof,4
1093,1315,"i was wondering if anyone had-- great, you've already updated the wiki",0,-1,0,,,0,-1,0.582089552238806,,train_oof,4
1100,1264,i don't mind cheap as long as it's still reasonably nice,0,-1,0,,,0,-1,0.5050505050505051,,train_oof,4
1122,1458,the league officials were saying something about how,0,-1,0,,,0,-1,0.6534653465346535,,train_oof,4
1125,1360,"the group meeting was supposed to-- perfect, 07:30 utc works for everyone",0,-1,0,,,0,-1,0.4473684210526316,,train_oof,4
1131,970,have you tried the new café? the café next to building b,0,-1,0,,,0,-1,0.35294117647058826,,train_oof,4
1133,1940,the client preferred the first design didnt they although now,0,-1,0,,,0,-1,0.4316546762589928,,train_oof,4
1137,1934,the movie starts at seven oclock right,0,-1,0,,,0,-1,0.35294117647058826,,train_oof,4
1144,1488,the solution might be to actually i disagree and then we could try to,0,-1,0,,,0,-1,0.3333333333333333,,train_oof,4
1145,1387,i was reading through the textbook when suddenly the whole,0,-1,0,,,0,-1,0.6557377049180327,,train_oof,4
1156,1031,i need access to the vpn the vpn that we use for,0,-1,0,,,0,-1,0.34234234234234234,,train_oof,4
1174,1036,"yes, i would like to book for 3 people",0,-1,0,,,0,-1,0.4666666666666667,,train_oof,4
1177,222,about the wandlebury country park phone number and wondering if it's always,0,-1,0,,,0,-1,0.6575342465753424,,train_oof,4
1186,1433,"the game stats from last-- hold on, they're displaying on the scoreboard",0,-1,0,,,0,-1,0.38461538461538464,,train_oof,4
1188,1040,the ci pipeline is stuck is stuck at the stage where,0,-1,0,,,0,-1,0.14705882352941177,,train_oof,4
1191,1534,the documentary film crew spent... three years following arctic wildlife,0,-1,0,,,0,-1,0.36220472440944884,,train_oof,4
1198,429,"that's perfect, could you book me a table for 4 at 16:15 on friday",0,-1,0,,,0,-1,0.37333333333333335,,train_oof,4
1201,794,"i mean, if we look at it from another perspective",0,-1,0,,,0,-1,0.2222222222222222,,train_oof,4
1206,336,"the system maintenance starts at 2- correction, 2:17 am utc",0,-1,0,,,0,-1,0.3669724770642202,,train_oof,4
1210,1310,the dashboard is showing some interesting-- i mean depending on how we,0,-1,0,,,0,-1,0.5454545454545454,,train_oof,4
1215,910,you need to turn left at the bank the big bank with the red sign,0,-1,0,,,0,-1,0.3275862068965517,,train_oof,4
1217,651,gimme a sec while i try to member what the,1,0,1,605,0,1,0,1.0,605,train_oof,4
1222,1221,they wanted to know if we could i secured the additional resources we need,0,-1,0,,,0,-1,0.6040268456375839,,train_oof,4
1225,800,what type of accommodations are they,0,-1,0,,,0,-1,0.3111111111111111,,train_oof,4
1227,1733,the team retrospective meeting has been moved to next tuesday,0,-1,0,,,0,-1,0.40522875816993464,,train_oof,4
1229,890,snort pfft did you see what they were wearing today,0,-1,0,,,0,-1,0.36363636363636365,,train_oof,4
1231,1050,i need something in the same price range as the hotel,0,-1,0,,,0,-1,0.5432098765432098,,train_oof,4
1239,121,"ok, that's fine. i want to book a room there",0,-1,0,,,0,-1,0.5161290322580645,,train_oof,4
1244,183,my coffee tastes terrible today i should really start learning to play,0,-1,0,,,0,-1,0.25,,train_oof,4
1246,1274,i don't have a preference in what area of town,0,-1,0,,,0,-1,0.4772727272727273,,train_oof,4
1260,1011,the client was asking about delivery asking about when we would,0,-1,0,,,0,-1,0.6330935251798561,,train_oof,4
1267,517,"dunno whatcha mean by that, could ya explain it again",0,-1,0,,,0,-1,0.4523809523809524,,train_oof,4
1271,1656,i need a train to cambridge that will arrive by 18:03 and leaving on friday,0,-1,0,,,0,-1,0.48739495798319327,,train_oof,4
1275,1022,can you check the logs the production logs from when the system,0,-1,0,,,0,-1,0.5504587155963303,,train_oof,4
1285,1123,could you check my subscription status? my premium subscription status,0,-1,0,,,0,-1,0.5116279069767442,,train_oof,4
1290,403,ugh you know that feeling when youre just about to,0,-1,0,,,0,-1,0.7289719626168224,,train_oof,4
1297,1233,the documentation says we need to but then theres this part where,0,-1,0,,,0,-1,0.5625,,train_oof,4
1,1127,can you reset my password? my account password immediately,0,-1,0,,,0,-1,0.24806201550387597,,train_oof,5
3,1853,"this code needs to be reviewed by tomorrow, don't you thi",0,-1,0,,,0,-1,0.2549019607843137,,train_oof,5
16,831,bruv the way man just pulled up saying ciao and then,0,-1,0,,,0,-1,0.6422018348623854,,train_oof,5
21,994,the deadline is three fifteen unless we,0,-1,0,,,0,-1,0.46956521739130436,,train_oof,5
26,699,i'd like one in the expensive price range that includes free wifi,0,-1,0,,,0,-1,0.591304347826087,,train_oof,5
29,677,ah gotcha now i see why they changed the process,0,-1,0,,,0,-1,0.5217391304347826,,train_oof,5
30,1806,speaking of the new restaurant downtown have you tried,0,-1,0,,,0,-1,0.5636363636363636,,train_oof,5
33,734,yes i just am looking to get the phone number of one,0,-1,0,,,0,-1,0.5217391304347826,,train_oof,5
40,475,"oh boy, these new running shoes make such a difference in my performance",0,-1,0,,,0,-1,0.3357664233576642,,train_oof,5
49,1236,thank you very much,0,-1,0,,,0,-1,0.76,,train_oof,5
57,634,"actually, i've already finished the first draft",0,-1,0,,,0,-1,0.6593406593406593,,train_oof,5
59,546,mighta been better if we woulda just,0,-1,0,,,0,-1,0.44155844155844154,,train_oof,5
61,1067,do you deliver to this address? this address in downtown seattle,0,-1,0,,,0,-1,0.28,,train_oof,5
64,832,ey yaar trust me this restaurant ka khana is actually blessed,0,-1,0,,,0,-1,0.46511627906976744,,train_oof,5
75,1754,about the help you provided today and i was wondering if maybe,0,-1,0,,,0,-1,0.4485981308411215,,train_oof,5
83,302,"my phone number is 555- sorry, 556-7890, you can reach me there",0,-1,0,,,0,-1,0.27184466019417475,,train_oof,5
88,1228,can someone tell me where the oh i located the backup files in the cloud,0,-1,0,,,0,-1,0.6944444444444444,,train_oof,5
91,818,was proper calm still yeah but then mans started to,0,-1,0,,,0,-1,0.44,,train_oof,5
99,1506,i need the table booked for monday at 12:15 for 3 people. thanks. also could i get the ref,0,-1,0,,,0,-1,0.4084507042253521,,train_oof,5
100,610,i need to find a four stars hotel in the north that has indoor free parking,0,-1,0,,,0,-1,0.5324675324675324,,train_oof,5
108,514,prolly gonna stay home this weekend cause i'm tired,0,-1,0,,,0,-1,0.34285714285714286,,train_oof,5
109,1087,should we try a different format? a more structured format for this query,0,-1,0,,,0,-1,0.3776223776223776,,train_oof,5
110,1654,can you recommend one and give their post code,0,-1,0,,,0,-1,0.27450980392156865,,train_oof,5
115,1862,no please,0,-1,0,,,0,-1,0.7272727272727273,,train_oof,5
124,975,"we should review the metrics, the q1 metrics before the call",0,-1,0,,,0,-1,0.42857142857142855,,train_oof,5
126,1550,the presentation slides need more... but im not exactly sure what kind of,0,-1,0,,,0,-1,0.3724137931034483,,train_oof,5
132,435,whew finally i managed to finish reading that thousand page novel,0,-1,0,,,0,-1,0.6518518518518519,,train_oof,5
133,1043,"i'm tracking your responses, your pattern of responses to edge cases",0,-1,0,,,0,-1,0.2857142857142857,,train_oof,5
143,982,hotel near station,0,-1,0,,,0,-1,0.42105263157894735,,train_oof,5
144,1203,i was looking at the reports and saw i fixed all the calculation errors,0,-1,0,,,0,-1,0.48175182481751827,,train_oof,5
146,1169,the team wanted to know if we could maybe i mean unless you think we should,0,-1,0,,,0,-1,0.5211267605633803,,train_oof,5
156,1643,the weather forecast for next week's outdoor event shows,0,-1,0,,,0,-1,0.6666666666666666,,train_oof,5
165,207,oh my my gosh the party was was so amazing and then we we all just,0,-1,0,,,0,-1,0.4528301886792453,,train_oof,5
167,242,"i'm, i'm really disappointed in how the, the meeting turned out today",0,-1,0,,,0,-1,0.3302752293577982,,train_oof,5
169,1948,this code needs to be refactored right,0,-1,0,,,0,-1,0.4489795918367347,,train_oof,5
178,1597,device #45892 reported an error at 14:30 est,0,-1,0,,,0,-1,0.35714285714285715,,train_oof,5
182,1473,i would like a moderately priced one on the east side,0,-1,0,,,0,-1,0.5370370370370371,,train_oof,5
184,511,what should i do about the error message thats showing up in,0,-1,0,,,0,-1,0.3125,,train_oof,5
194,1901,"the server's been acting up lately, hasn't it, and i think we should",0,-1,0,,,0,-1,0.3357664233576642,,train_oof,5
195,1257,cant help you with that,0,-1,0,,,0,-1,0.35555555555555557,,train_oof,5
198,933,yes i suppose we could try to,0,-1,0,,,0,-1,0.43373493975903615,,train_oof,5
203,1623,order number four five seven two one and,0,-1,0,,,0,-1,0.34210526315789475,,train_oof,5
206,300,we're meeting at 3- i mean 4:30 pm at the conference center,0,-1,0,,,0,-1,0.304,,train_oof,5
208,1737,"it does not matter. i am looking for a place to go in the west, please",0,-1,0,,,0,-1,0.4090909090909091,,train_oof,5
216,324,i thought maybe if we could sort of um you know like when,0,-1,0,,,0,-1,0.5647058823529412,,train_oof,5
220,1463,children learn better when they not always true have hands on experience with the materials,0,-1,0,,,0,-1,0.29333333333333333,,train_oof,5
222,942,i need to find my notes my notes from the meeting where,0,-1,0,,,0,-1,0.6141732283464567,,train_oof,5
225,597,woulda helped ya earlier but i had this thing to do,0,-1,0,,,0,-1,0.4897959183673469,,train_oof,5
228,1989,and then she,0,-1,0,,,0,-1,0.2318840579710145,,train_oof,5
230,1607,is the museum open,0,-1,0,,,0,-1,0.6046511627906976,,train_oof,5
250,992,"hey @latishab, i need your review - your urgent review on pr-2025",0,-1,0,,,0,-1,0.37209302325581395,,train_oof,5
251,375,hmm yeah i definitely think the blue paint matches better with our furniture,0,-1,0,,,0,-1,0.4153846153846154,,train_oof,5
252,120,and maybe adding,0,-1,0,,,0,-1,0.5333333333333333,,train_oof,5
255,719,ah gotcha now i see why they changed the process,0,-1,0,,,0,-1,0.5217391304347826,,train_oof,5
257,178,i am also looking for a train on sunday,0,-1,0,,,0,-1,0.23076923076923078,,train_oof,5
258,528,ain't nobody told me nuthin bout the meeting change,0,-1,0,,,0,-1,0.574468085106383,,train_oof,5
267,1335,which one is better? this or that,0,-1,0,,,0,-1,0.5,,train_oof,5
274,331,"my laptop password is hunter2- no wait, it's hunter3 now",0,-1,0,,,0,-1,0.3888888888888889,,train_oof,5
275,1275,we need to discuss the new i drafted the proposal for next quarter,0,-1,0,,,0,-1,0.5531914893617021,,train_oof,5
281,925,she mentioned something about the conference the conference that was supposed,0,-1,0,,,0,-1,0.4409448818897638,,train_oof,5
292,1677,"thanks, i will need the reference number",0,-1,0,,,0,-1,0.6341463414634146,,train_oof,5
298,1532,social media engagement metrics those figures arent right while user interaction,0,-1,0,,,0,-1,0.3157894736842105,,train_oof,5
305,913,considering the neonatal unit's phone number and wondering if they also,0,-1,0,,,0,-1,0.7540983606557377,,train_oof,5
307,1957,they usually close at nine right but sometimes,0,-1,0,,,0,-1,0.5434782608695652,,train_oof,5
309,1253,when you get a chance could you review the way that the system,0,-1,0,,,0,-1,0.7536231884057971,,train_oof,5
313,1468,i tried executing the new play but then everyone,0,-1,0,,,0,-1,0.38095238095238093,,train_oof,5
314,1397,"not right now, but could i have the postcode",0,-1,0,,,0,-1,0.7142857142857143,,train_oof,5
315,1675,the local library has extended its weekend hours until eight pm,0,-1,0,,,0,-1,0.49624060150375937,,train_oof,5
320,463,"hmm, you know that feeling when you're trying to remember",0,-1,0,,,0,-1,0.7289719626168224,,train_oof,5
322,1078,"i'm comparing your responses, your different responses across multiple prompts",0,-1,0,,,0,-1,0.2647058823529412,,train_oof,5
324,1017,the dashboard isn't loading - the performance dashboard in grafana,0,-1,0,,,0,-1,0.4748201438848921,,train_oof,5
346,384,oh my gosh these shoes are so comfortable i need to buy another pair,0,-1,0,,,0,-1,0.5925925925925926,,train_oof,5
347,265,"man, i can't believe how fire these commits are looking rn",0,-1,0,,,0,-1,0.4716981132075472,,train_oof,5
351,1689,the movie was interesting until the part where the main character,0,-1,0,,,0,-1,0.4251968503937008,,train_oof,5
352,1010,i can't seem to find the document the document where we outlined,0,-1,0,,,0,-1,0.3875968992248062,,train_oof,5
355,1423,during training someone mentioned that the team might,0,-1,0,,,0,-1,0.5172413793103449,,train_oof,5
363,772,"uh-huh, now i get why everyone was so excited about it",0,-1,0,,,0,-1,0.5454545454545454,,train_oof,5
371,404,leaving on thursday and considering the train schedule at around,0,-1,0,,,0,-1,0.3548387096774194,,train_oof,5
383,1557,i would like a swimming pool at the centre of town,0,-1,0,,,0,-1,0.5416666666666666,,train_oof,5
398,924,could you help me find the file the file that has the,0,-1,0,,,0,-1,0.6304347826086957,,train_oof,5
400,1954,those shoes look brand new on you dont they,0,-1,0,,,0,-1,0.3333333333333333,,train_oof,5
405,1446,"we were planning to practice-- right, the field's available after lunch",0,-1,0,,,0,-1,0.3023255813953488,,train_oof,5
408,667,oh yeah yeah so when they were explaining how the,0,-1,0,,,0,-1,0.5636363636363636,,train_oof,5
418,769,"yeah yeah, exactly what i thought about the new policy",1,1,1,736,1,1,1,1.0,736,train_oof,5
429,1033,"i'm allergic to nuts, allergic to all nuts including pine nuts",0,-1,0,,,0,-1,0.33587786259541985,,train_oof,5
430,923,i need to find the blue folder the blue folder in the bottom drawer,0,-1,0,,,0,-1,0.43548387096774194,,train_oof,5
438,436,hey thanks so much for remembering my birthday and sending that card,0,-1,0,,,0,-1,0.41739130434782606,,train_oof,5
446,131,i can't bare to watch the adds on this website anymore,0,-1,0,,,0,-1,0.4166666666666667,,train_oof,5
447,834,my abuela started telling me mira mira and suddenly,0,-1,0,,,0,-1,0.5137614678899083,,train_oof,5
448,1924,these files need to be encrypted dont they,0,-1,0,,,0,-1,0.5,,train_oof,5
474,1341,"my best friend from college was-- you know what, she's coming to visit in april",0,-1,0,,,0,-1,0.2748091603053435,,train_oof,5
477,1005,they were talking about the changes the changes to our,0,-1,0,,,0,-1,0.5178571428571429,,train_oof,5
478,1165,i am also looking for an attraction called the kettle's yard,0,-1,0,,,0,-1,0.7368421052631579,,train_oof,5
479,1700,"yes. i need free parking, and i prefer the southern part of town",0,-1,0,,,0,-1,0.3950617283950617,,train_oof,5
486,816,"well, you see, the thing about the- about the project is that um",0,-1,0,,,0,-1,0.5066666666666667,,train_oof,5
489,1697,that is it for today. thanks for helping,0,-1,0,,,0,-1,0.43902439024390244,,train_oof,5
490,1872,"i've been working here for five years now, haven't i",0,-1,0,,,0,-1,0.3968253968253968,,train_oof,5
505,618,are there any 1-star hotels with free parking,0,-1,0,,,0,-1,0.6265060240963856,,train_oof,5
506,1685,bye,0,-1,0,,,0,-1,0.14285714285714285,,train_oof,5
512,561,bout ta start cookin dinner if ya wanna join,0,-1,0,,,0,-1,0.5882352941176471,,train_oof,5
514,7,"goodbye, that is all for today",0,-1,0,,,0,-1,0.19444444444444445,,train_oof,5
529,1357,i would like to book a taxi to commute between the two places,0,-1,0,,,0,-1,0.8617886178861789,,train_oof,5
540,310,when you get to the part about the budget uh like the section where we,0,-1,0,,,0,-1,0.5203252032520326,,train_oof,5
543,1979,if you want to,0,-1,0,,,0,-1,0.5,,train_oof,5
549,328,"the deadline is next monday- no, tuesday at 5 pm sharp",0,-1,0,,,0,-1,0.30158730158730157,,train_oof,5
550,1348,"do you think we should plan the-- great, the friendship bracelets arrived today",0,-1,0,,,0,-1,0.4583333333333333,,train_oof,5
554,1226,i was just about to start the deployment when suddenly the whole,0,-1,0,,,0,-1,0.7213114754098361,,train_oof,5
555,1142,i need to verify my identity - verify my account details right now,0,-1,0,,,0,-1,0.367816091954023,,train_oof,5
566,501,"hi, i need a moderate price range restaurant in the centre of town",0,-1,0,,,0,-1,0.6891891891891891,,train_oof,5
569,530,shoulda seen how many people was at the mall today,0,-1,0,,,0,-1,0.5148514851485149,,train_oof,5
575,303,"i'll take the chicken salad- actually, make that a caesar salad instead",0,-1,0,,,0,-1,0.46616541353383456,,train_oof,5
579,1461,we need to figure out the batting order unless someone,0,-1,0,,,0,-1,0.43243243243243246,,train_oof,5
586,434,well actually now that you mention the way that sometimes,0,-1,0,,,0,-1,0.5048543689320388,,train_oof,5
596,937,of course,0,-1,0,,,0,-1,0.20588235294117646,,train_oof,5
599,1749,the conference room needs to be booked for next thursday's meeting,1,1,1,1738,1,1,1,1.0,1738,train_oof,5
600,725,uh huh mhm and then the part where everyone was,0,-1,0,,,0,-1,0.6947368421052632,,train_oof,5
603,689,uh huh and then what was that thing you mentioned,0,-1,0,,,0,-1,0.5102040816326531,,train_oof,5
605,1191,did someone already update the documentation for the new,0,-1,0,,,0,-1,0.5734265734265734,,train_oof,5
609,369,"change the port to 3000- actually, make it port 3001",0,-1,0,,,0,-1,0.410958904109589,,train_oof,5
610,1483,when i checked the system did you see the error there was something wrong with,0,-1,0,,,0,-1,0.5645161290322581,,train_oof,5
611,1418,"could someone check if the-- great, the gym equipment's all set up now",0,-1,0,,,0,-1,0.27906976744186046,,train_oof,5
612,1604,we currently have 892 active subscribers on our platform,0,-1,0,,,0,-1,0.44,,train_oof,5
615,1965,cant do the west one,0,-1,0,,,0,-1,0.5555555555555556,,train_oof,5
616,1518,the documentary about deep sea creatures... really changed my perspective on ocean conservation,0,-1,0,,,0,-1,0.2222222222222222,,train_oof,5
621,754,considering a moderately priced guesthouse but maybe something a little,0,-1,0,,,0,-1,0.7323943661971831,,train_oof,5
623,1407,the teacher was saying something about the final project and,0,-1,0,,,0,-1,0.5309734513274337,,train_oof,5
635,1365,"the final exam schedule was-- actually, they just posted it on the portal",0,-1,0,,,0,-1,0.3125,,train_oof,5
637,344,"the api key expires in may- i mean april 2025, actually",0,-1,0,,,0,-1,0.39473684210526316,,train_oof,5
639,1909,weve seen this pattern before havent we whenever the,0,-1,0,,,0,-1,0.4247787610619469,,train_oof,5
642,124,if you could just weight over their until the,0,-1,0,,,0,-1,0.3333333333333333,,train_oof,5
647,1964,only on weekends,0,-1,0,,,0,-1,0.5714285714285714,,train_oof,5
654,673,mhm okay and then you mentioned something bout,0,-1,0,,,0,-1,0.8421052631578947,,train_oof,5
665,538,"actually, for 4, please",0,-1,0,,,0,-1,0.36363636363636365,,train_oof,5
667,916,is that in the west area. i really would like to be in the west,0,-1,0,,,0,-1,0.47368421052631576,,train_oof,5
672,205,oh my my gosh the party was was so amazing and then we we all just,0,-1,0,,,0,-1,0.4528301886792453,,train_oof,5
676,613,i'd need to arrive by 15:45 please,0,-1,0,,,0,-1,0.5897435897435898,,train_oof,5
678,1096,"i need to adjust my prompting, my prompt engineering technique here",0,-1,0,,,0,-1,0.36231884057971014,,train_oof,5
679,733,east part of,0,-1,0,,,0,-1,0.8275862068965517,,train_oof,5
687,1089,"i'm testing your consistency, testing your response patterns specifically",0,-1,0,,,0,-1,0.5098039215686274,,train_oof,5
691,1325,they wanted to know if we could possibly-- but then the whole thing,0,-1,0,,,0,-1,0.624113475177305,,train_oof,5
692,738,"mmhm, that's precisely why i suggested the changes",0,-1,0,,,0,-1,0.3728813559322034,,train_oof,5
697,1044,do you have any vegetarian options? strictly vegetarian options on the menu,0,-1,0,,,0,-1,0.2692307692307692,,train_oof,5
699,20,"actually, i know i said *after* we finish at the restaurant, but it turns out i need the",0,-1,0,,,0,-1,0.4891304347826087,,train_oof,5
700,1260,they asked about the status of i sent the progress report this morning,0,-1,0,,,0,-1,0.4393939393939394,,train_oof,5
704,352,"the database backup runs at midnight- sorry, 1 am est daily",0,-1,0,,,0,-1,0.45871559633027525,,train_oof,5
711,624,no this approach will not work with our existing infrastructure,0,-1,0,,,0,-1,0.30434782608695654,,train_oof,5
722,1110,the system locked me out - locked me out after three attempts,0,-1,0,,,0,-1,0.40601503759398494,,train_oof,5
723,1494,analyzing customer feedback shows those numbers are wrong through the,0,-1,0,,,0,-1,0.5098039215686274,,train_oof,5
726,1727,something in the south part of town would be great. any cuisine is fine,0,-1,0,,,0,-1,0.37593984962406013,,train_oof,5
730,21,"no, i need 17:15 on monday. perhaps a different",0,-1,0,,,0,-1,0.4,,train_oof,5
733,1198,leaving stansted airport on tuesday and trying to figure out the train to,0,-1,0,,,0,-1,0.5333333333333333,,train_oof,5
743,69,i will be traveling to sidney sussex college and then somehow,0,-1,0,,,0,-1,0.42857142857142855,,train_oof,5
746,125,please weight hear while the system processes your request,0,-1,0,,,0,-1,0.42016806722689076,,train_oof,5
748,254,keep tellin yall bout how these folks be movin so shady and like,0,-1,0,,,0,-1,0.42016806722689076,,train_oof,5
762,1128,let me think about those options because i'm not sure if there's something that can,0,-1,0,,,0,-1,0.3620689655172414,,train_oof,5
774,1296,"i'm not sure if we should-- looking at the data, it's clearly working well",0,-1,0,,,0,-1,0.3655913978494624,,train_oof,5
779,1781,that concert was worth every penny wasnt it,0,-1,0,,,0,-1,0.6896551724137931,,train_oof,5
781,665,"no, can you recommend your favorite one",0,-1,0,,,0,-1,0.3013698630136986,,train_oof,5
787,405,ell like if you consider what happened last time with the,0,-1,0,,,0,-1,0.6796116504854369,,train_oof,5
790,930,im looking for that email that email where they mentioned,0,-1,0,,,0,-1,0.38461538461538464,,train_oof,5
796,163,winning this award means everything to me and i feel truly blessed,0,-1,0,,,0,-1,0.368,,train_oof,5
802,1906,no. just give me your best recommendation,0,-1,0,,,0,-1,0.2702702702702703,,train_oof,5
805,1514,getting out of cambridge for awhile going to stansted airport and would like to leave anytime after 12:30 please,0,-1,0,,,0,-1,0.38857142857142857,,train_oof,5
811,57,could you give me their address and phone please,0,-1,0,,,0,-1,0.35714285714285715,,train_oof,5
814,936,i heard they hired someone new someone new for the marketing team,0,-1,0,,,0,-1,0.28125,,train_oof,5
827,565,shoulda seen how many people showed up at the party,0,-1,0,,,0,-1,0.43137254901960786,,train_oof,5
829,1576,the strategic plan needs more focus on... or at least thats what i,0,-1,0,,,0,-1,0.43537414965986393,,train_oof,5
841,81,customer id 78901 requesting,0,-1,0,,,0,-1,0.40860215053763443,,train_oof,5
843,780,the way she just said ciao bella and dipped was so extra,0,-1,0,,,0,-1,0.3140495867768595,,train_oof,5
850,1405,"we were supposed to meet in-- right, room 204 is our new location",0,-1,0,,,0,-1,0.5210084033613446,,train_oof,5
851,1747,the client requested several changes to the interface including,0,-1,0,,,0,-1,0.6717557251908397,,train_oof,5
852,1791,that meeting ran way longer than expected didnt it,0,-1,0,,,0,-1,0.3486238532110092,,train_oof,5
855,465,aha! now i finally understand why the code wasn't working properly,0,-1,0,,,0,-1,0.43283582089552236,,train_oof,5
856,95,could you reserve us a room at the university arms then? there are 3 of us and we'll arrive on friday,0,-1,0,,,0,-1,0.3522727272727273,,train_oof,5
861,196,the renovation project went over budget but seeing my parents smile in their new kitchen was priceless,0,-1,0,,,0,-1,0.2413793103448276,,train_oof,5
863,871,ugh these meetings keep getting longer and longer,0,-1,0,,,0,-1,0.43478260869565216,,train_oof,5
864,126,did you here about the knew policy for parking passes,0,-1,0,,,0,-1,0.39285714285714285,,train_oof,5
889,1714,all development environments have been updated to the latest version,0,-1,0,,,0,-1,0.391304347826087,,train_oof,5
890,784,he started speaking and was like donc if you consider how,0,-1,0,,,0,-1,0.4369747899159664,,train_oof,5
892,1800,he couldnt have driven all that way by himself could he,0,-1,0,,,0,-1,0.4691358024691358,,train_oof,5
893,1688,the latest build is showing some unexpected behavior in the,0,-1,0,,,0,-1,0.21739130434782608,,train_oof,5
897,1755,the customer feedback survey revealed some interesting insights,0,-1,0,,,0,-1,0.43537414965986393,,train_oof,5
901,1449,my teammate was showing me how to properly,0,-1,0,,,0,-1,0.4423076923076923,,train_oof,5
909,1794,looking for a guesthouse with free wifi and somehow that's gonna be,0,-1,0,,,0,-1,0.5454545454545454,,train_oof,5
916,1686,i've been working on implementing the new feature but there's an issue with,0,-1,0,,,0,-1,0.5138888888888888,,train_oof,5
917,771,"uh-huh, so when you were explaining that part about",0,-1,0,,,0,-1,0.6542056074766355,,train_oof,5
919,713,thank you. i'm also looking for a hotel in the north with a star of 4,0,-1,0,,,0,-1,0.562962962962963,,train_oof,5
926,836,bro deadass said annyeonghaseyo to the chinese restaurant owner,0,-1,0,,,0,-1,0.5289256198347108,,train_oof,5
931,1569,when you think about the long term implications of... and how that could,0,-1,0,,,0,-1,0.4810126582278481,,train_oof,5
934,1324,"have you noticed that the-- oh, you've already optimized the workflow",0,-1,0,,,0,-1,0.32592592592592595,,train_oof,5
937,113,i'm also looking for colleges in the south. can you help me with that,0,-1,0,,,0,-1,0.4251968503937008,,train_oof,5
953,1242,"thanks! i'm also looking for an expensive, 2-star place to stay in the north. do you have anything like that",0,-1,0,,,0,-1,0.6012269938650306,,train_oof,5
962,200,i i really love how this new phone is is so much better than my old one it works perfectly,0,-1,0,,,0,-1,0.4891304347826087,,train_oof,5
965,1612,"the new server can handle 10,000 requests per second",0,-1,0,,,0,-1,0.36923076923076925,,train_oof,5
968,1377,"i need to submit my homework by-- oh, i see the deadline's extended to march 15th",0,-1,0,,,0,-1,0.5987261146496815,,train_oof,5
970,1877,"we should probably start the deployment now, shouldn't we",0,-1,0,,,0,-1,0.4,,train_oof,5
972,815,i think around 20 p,0,-1,0,,,0,-1,0.3023255813953488,,train_oof,5
975,1767,i need 3 of them,0,-1,0,,,0,-1,0.2828282828282828,,train_oof,5
979,804,ayo fam that party was straight fire ngl wallahi it was the best one yet,0,-1,0,,,0,-1,0.52,,train_oof,5
987,855,"no, i need a train from cambridge to petersborough on thursday",0,-1,0,,,0,-1,0.6481481481481481,,train_oof,5
991,1582,can you help me find order #a897654 from last week,0,-1,0,,,0,-1,0.5233644859813084,,train_oof,5
998,1526,the scientific study concluded... with groundbreaking results about climate change,0,-1,0,,,0,-1,0.32,,train_oof,5
1010,995,she mentioned something about the report the quarterly report that was supposed to,0,-1,0,,,0,-1,0.5769230769230769,,train_oof,5
1015,1537,i would love that one,0,-1,0,,,0,-1,0.5217391304347826,,train_oof,5
1016,861,where can we eat,0,-1,0,,,0,-1,0.2,,train_oof,5
1020,1213,they mentioned something about the budget constraints and how we might,0,-1,0,,,0,-1,0.6766917293233082,,train_oof,5
1025,1594,serial number xj2897654 has been verified and approved,0,-1,0,,,0,-1,0.3829787234042553,,train_oof,5
1027,1206,were trying to figure out how to the new process is now fully documented,1,1,1,1163,1,1,1,1.0,1163,train_oof,5
1028,1876,"the client will be happy with these changes, won't they",0,-1,0,,,0,-1,0.5405405405405406,,train_oof,5
1034,1212,we should probably review the entire well the thing is when you look at,0,-1,0,,,0,-1,0.4583333333333333,,train_oof,5
1035,1796,youre going to wear the blue dress to the party arent you,0,-1,0,,,0,-1,0.5538461538461539,,train_oof,5
1037,690,thank you. that is all for today,0,-1,0,,,0,-1,0.4931506849315068,,train_oof,5
1039,1104,the automatic renewal the automatic renewal that was supposed to happen,0,-1,0,,,0,-1,0.4,,train_oof,5
1055,318,"my flight leaves at 7- um, actually 7:30 am tomorrow morning",0,-1,0,,,0,-1,0.3448275862068966,,train_oof,5
1056,456,ah well i suppose we should start planning for the holiday party,0,-1,0,,,0,-1,0.272,,train_oof,5
1058,853,sounds great. please make a booking,0,-1,0,,,0,-1,0.5154639175257731,,train_oof,5
1061,1366,i started writing the essay introduction but then realized that maybe,0,-1,0,,,0,-1,0.7755102040816326,,train_oof,5
1063,110,i think it's,0,-1,0,,,0,-1,0.4444444444444444,,train_oof,5
1064,452,huh you know what really makes me confused is when the,0,-1,0,,,0,-1,0.4126984126984127,,train_oof,5
1067,535,jeet yet? i'm starvin and wanna grab some lunch,0,-1,0,,,0,-1,0.3125,,train_oof,5
1068,1481,the client requested that we [wait hold on] before we implement the,0,-1,0,,,0,-1,0.5037037037037037,,train_oof,5
1073,1885,they've updated their requirements havent they which means,0,-1,0,,,0,-1,0.5483870967741935,,train_oof,5
1074,273,"fam, these code reviews from @alexb hit different frfr",0,-1,0,,,0,-1,0.4032258064516129,,train_oof,5
1077,682,hmm yeah and then you were saying something about,0,-1,0,,,0,-1,0.819047619047619,,train_oof,5
1083,918,"your investment of $5,000.00 has generated a 12% return over the past three months",0,-1,0,,,0,-1,0.31724137931034485,,train_oof,5
1088,512,whaddya think about the new restaurant downtown,0,-1,0,,,0,-1,0.4864864864864865,,train_oof,5
1094,1874,"these requirements weren't in the original scope, were they",0,-1,0,,,0,-1,0.45454545454545453,,train_oof,5
1106,1392,the class discussion was going well until someone mentioned,0,-1,0,,,0,-1,0.5172413793103449,,train_oof,5
1113,1501,renewable energy sources will thats debatable become more cost effective over time,0,-1,0,,,0,-1,0.45161290322580644,,train_oof,5
1114,588,is there somewhere more central that can be,0,-1,0,,,0,-1,0.3669724770642202,,train_oof,5
1121,574,finna get my homework done fore my mama gets home,0,-1,0,,,0,-1,0.36036036036036034,,train_oof,5
1127,258,was thinking about walking to museum instead of taking,0,-1,0,,,0,-1,0.5137614678899083,,train_oof,5
1135,1497,the architectural plans include we should revise space for community gatherings and events,0,-1,0,,,0,-1,0.2692307692307692,,train_oof,5
1149,1111,i need to speak with a supervisor a supervisor who can help me with this,0,-1,0,,,0,-1,0.5633802816901409,,train_oof,5
1155,1001,can you check my permissions? my repository permissions on github,0,-1,0,,,0,-1,0.46616541353383456,,train_oof,5
1157,1189,thank you but im still not sure about the,0,-1,0,,,0,-1,0.5666666666666667,,train_oof,5
1158,1605,the warranty for product id 789-xy expires in 30 days,0,-1,0,,,0,-1,0.26666666666666666,,train_oof,5
1161,1713,we need to archive the old project files from the 2024 releases,0,-1,0,,,0,-1,0.5373134328358209,,train_oof,5
1163,1603,temperature reading shows 23.5 celcius for today,0,-1,0,,,0,-1,0.45652173913043476,,train_oof,5
1164,497,"oh shoot, i completely forgot to mention that thing about",0,-1,0,,,0,-1,0.6548672566371682,,train_oof,5
1168,459,am hospital in town that should have the children's oncology and haematology department,0,-1,0,,,0,-1,0.3,,train_oof,5
1172,744,"yeah yeah, so when they started explaining about the whole",0,-1,0,,,0,-1,0.5714285714285714,,train_oof,5
1175,1774,with respect to the latest updates shouldnt someone,0,-1,0,,,0,-1,0.47368421052631576,,train_oof,5
1178,806,let me find that information first,0,-1,0,,,0,-1,0.39622641509433965,,train_oof,5
1180,76,"yes book a table, thank you",0,-1,0,,,0,-1,0.6428571428571429,,train_oof,5
1190,1157,she wanted to know if we the client approved all the proposed changes yesterday afternoon,0,-1,0,,,0,-1,0.5798816568047337,,train_oof,5
1208,1269,"the server keeps-- wait, i've just received the all-clear notification",0,-1,0,,,0,-1,0.32116788321167883,,train_oof,5
1221,649,right right i see what youre sayin bout the project deadline,0,-1,0,,,0,-1,0.3939393939393939,,train_oof,5
1224,1351,"i was looking for my textbook but-- oh, i see it's in professor lee's office",0,-1,0,,,0,-1,0.4626865671641791,,train_oof,5
1232,1464,according to the research paper which one exactly vaccinations significantly reduce disease spread,0,-1,0,,,0,-1,0.4024390243902439,,train_oof,5
1235,1306,okay thank you very much for your help,0,-1,0,,,0,-1,0.6333333333333333,,train_oof,5
1236,1528,my grandmother always said that true friendship... requires patience and understanding,0,-1,0,,,0,-1,0.5466666666666666,,train_oof,5
1238,1124,"i've been double-charged, double-charged on my march statement",0,-1,0,,,0,-1,0.5196850393700787,,train_oof,5
1247,364,"set the timeout to thirty- no, sixty seconds minimum",0,-1,0,,,0,-1,0.4307692307692308,,train_oof,5
1251,1509,the space exploration mission wait youre mistaken during the launch sequence,0,-1,0,,,0,-1,0.44755244755244755,,train_oof,5
1258,967,"the system keeps crashing, keeps crashing whenever i open chrome",0,-1,0,,,0,-1,0.453781512605042,,train_oof,5
1264,895,hahaha can't believe that just happened,0,-1,0,,,0,-1,0.5057471264367817,,train_oof,5
1268,1894,do they have a website or,0,-1,0,,,0,-1,0.43037974683544306,,train_oof,5
1287,537,finna head out to the gym in bout five minutes,0,-1,0,,,0,-1,0.38202247191011235,,train_oof,5
1293,1064,the way you're processing my input processing my questions seems different than,1,0,1,1053,0,1,0,1.0,1053,train_oof,5
0,1608,when considering all the stakeholders involved... and how they might,0,-1,0,,,0,-1,0.5378151260504201,,test,0
1,334,"we'll release the update march 11- no, march 12th, 2025",0,-1,0,,,0,-1,0.4107142857142857,,test,0
2,1779,"choose one, book it for 4 people and 5 nights starting from monday",0,-1,0,,,0,-1,0.6851851851851852,,test,0
3,1015,"we're missing some logs, some debug logs from the production server",0,-1,0,,,0,-1,0.4153846153846154,,test,0
4,1790,i will. goodbye,0,-1,0,,,0,-1,0.46511627906976744,,test,0
5,1635,"hello, could you help me with information on a train",0,-1,0,,,0,-1,0.5806451612903226,,test,0
6,358,when handling the api response we should maybe um if the status,0,-1,0,,,0,-1,0.29508196721311475,,test,0
7,1574,naw i'm good thanks,0,-1,0,,,0,-1,0.43243243243243246,,test,0
8,700,no thank you that will be all,0,-1,0,,,0,-1,0.5714285714285714,,test,0
9,284,we should meet at the coffee shop by the um you know the one next to the library downtown,0,-1,0,,,0,-1,0.5443786982248521,,test,0
10,1042,we need to update the tokens update the tokens before they,0,-1,0,,,0,-1,0.7321428571428571,,test,0
11,611,i would like the phone number and the post code please,0,-1,0,,,0,-1,0.5106382978723404,,test,0
12,1173,she was telling me earlier about how the project would be but then she just,0,-1,0,,,0,-1,0.546875,,test,0
13,783,i was going through it and she just says c'est la vie innit,0,-1,0,,,0,-1,0.5128205128205128,,test,0
14,687,i also need to book a taxi to commute between the two. i need to get to the restaurant by the booked time,0,-1,0,,,0,-1,0.6368715083798883,,test,0
15,727,"mmhm, yeah, that's exactly what i was telling sarah about yesterday",0,-1,0,,,0,-1,0.7022900763358778,,test,0
16,1701,our book club selected 'the midnight garden' for next month's discussion,0,-1,0,,,0,-1,0.41134751773049644,,test,0
17,1589,the client specifically asked about... but i wasnt quite clear on,0,-1,0,,,0,-1,0.42857142857142855,,test,0
18,37,"i will need to take a train here from london kings cross, i will need ot get here by 19:45",0,-1,0,,,0,-1,0.39490445859872614,,test,0
19,243,"we-we tried that new restaurant and, and honestly, it exceeded all expectations",0,-1,0,,,0,-1,0.45112781954887216,,test,0
20,250,my bestie deadass came through with the most lit birthday surprise no cap,0,-1,0,,,0,-1,0.35,,test,0
21,17,thank you for you help,0,-1,0,,,0,-1,0.8636363636363636,,test,0
22,1780,thinking about the new project timeline isnt there a way to,1,0,1,1777,0,1,0,1.0,1777,test,0
23,983,"check your email, your work email for the updates",0,-1,0,,,0,-1,0.37735849056603776,,test,0
24,773,thanks team really appreciate your help with debugging,0,-1,0,,,0,-1,0.5714285714285714,,test,0
25,188,what time will i be arriving if i take the 7:54 train,0,-1,0,,,0,-1,0.38461538461538464,,test,0
26,144,well if you really want my opinion about the whole situation then you,0,-1,0,,,0,-1,0.4666666666666667,,test,0
27,447,hey speaking of that one time when everybody was trying to,0,-1,0,,,0,-1,0.6,,test,0
28,957,have you seen my phone my phone that i was just,0,-1,0,,,0,-1,0.2828282828282828,,test,0
29,1469,i'd like to find a place to go in the center of town,0,-1,0,,,0,-1,0.6666666666666666,,test,0
30,531,kinda wish i woulda studied more for that test,0,-1,0,,,0,-1,0.3783783783783784,,test,0
31,1615,"your membership id 78921 expires on april 1st, 2025",0,-1,0,,,0,-1,0.41509433962264153,,test,0
32,1032,what time is your happy hour? your weekday happy hour specifically,0,-1,0,,,0,-1,0.4892086330935252,,test,0
33,534,dunno if ya heard bout what happened at the,0,-1,0,,,0,-1,0.5842696629213483,,test,0
34,1672,while walking through the botanical gardens i noticed some unusual,0,-1,0,,,0,-1,0.2962962962962963,,test,0
35,639,wasnt even posed to be here but im glad i came anyway,0,-1,0,,,0,-1,0.28125,,test,0
36,541,tryna figure out how to work this new phone,0,-1,0,,,0,-1,0.9247311827956989,,test,0
37,825,i'm there thinking inshallah everything's good until,0,-1,0,,,0,-1,0.5,,test,0
38,1950,that sounds like a good plan doesnt it unless we consider,0,-1,0,,,0,-1,0.4155844155844156,,test,0
39,281,my sister lives in new jer i mean pennsylvania shes been there for about five years now,0,-1,0,,,0,-1,0.1782178217821782,,test,0
40,414,ah geez i totally forgot to charge my phone before leaving the house,0,-1,0,,,0,-1,0.2857142857142857,,test,0
41,1739,going to yu garden and then somehow trying to find a,0,-1,0,,,0,-1,0.2831858407079646,,test,0
42,1775,not quite sure,0,-1,0,,,0,-1,0.48484848484848486,,test,0
43,158,everything about this situation makes me feel so frustrated and i just dont,0,-1,0,,,0,-1,0.5103448275862069,,test,0
44,1577,the ancient ruins were discovered... beneath the modern shopping district,0,-1,0,,,0,-1,0.4246575342465753,,test,0
45,1479,based on the preliminary results those numbers arent correct we might need to,0,-1,0,,,0,-1,0.4473684210526316,,test,0
46,1278,i need to eat too,0,-1,0,,,0,-1,0.42424242424242425,,test,0
47,1435,the volleyball team needs to-- looks like they've already chosen their captain,0,-1,0,,,0,-1,0.224,,test,0
48,288,please call michael on his cell i mean his office number hes there until six today,0,-1,0,,,0,-1,0.32786885245901637,,test,0
49,1214,im wondering if we could maybe implement the unless theres a better way to,0,-1,0,,,0,-1,0.7659574468085106,,test,0
50,515,c'mere and lookit what i found in the basement,0,-1,0,,,0,-1,0.6458333333333334,,test,0
51,1530,virtual reality applications might i disagree completely when users experience,0,-1,0,,,0,-1,0.43537414965986393,,test,0
52,1947,weve met somewhere before havent we,0,-1,0,,,0,-1,0.6206896551724138,,test,0
53,1232,have you seen the latest um the metrics show significant improvement,0,-1,0,,,0,-1,0.4785276073619632,,test,0
54,965,i am going to cambridge and i am looking for the cambridge book and print gallery,0,-1,0,,,0,-1,0.3357664233576642,,test,0
55,973,"i'm waiting for jason, jason from it support",0,-1,0,,,0,-1,0.19642857142857142,,test,0
56,1193,the main concern was that the well actually the data shows improved performance,0,-1,0,,,0,-1,0.4861111111111111,,test,0
57,1041,"i'm checking my order status, my doordash order from thai palace",0,-1,0,,,0,-1,0.3089430894308943,,test,0
58,1710,i need to go from the attraction by 05:00 to the restaurant,0,-1,0,,,0,-1,0.5203252032520326,,test,0
59,1023,"they changed the requirements, the technical requirements yesterday",0,-1,0,,,0,-1,0.496,,test,0
60,35,is that time slot still available on friday at,0,-1,0,,,0,-1,0.4918032786885246,,test,0
61,1527,is there a high end restaurant that serves british cuisine in the same area,0,-1,0,,,0,-1,0.4172661870503597,,test,0
62,4,are there any places in the east of town that are recommended to go to? thanks,0,-1,0,,,0,-1,0.496,,test,0
63,1601,"could you check order number 78991, and tell me if its",0,-1,0,,,0,-1,0.40707964601769914,,test,0
64,1355,"please book for me, thanks",0,-1,0,,,0,-1,0.34285714285714286,,test,0
65,627,jeet lunch yet cause i was thinkin maybe we,0,-1,0,,,0,-1,0.2222222222222222,,test,0
66,1413,the outdoor pool please,0,-1,0,,,0,-1,0.5,,test,0
67,419,flight dl302 scheduled for 7:45 am has been delayed due to,0,-1,0,,,0,-1,0.46846846846846846,,test,0
68,929,we should order lunch order lunch from that new place downtown,0,-1,0,,,0,-1,0.3728813559322034,,test,0
69,1519,democratic processes require let me interject during election cycles when,0,-1,0,,,0,-1,0.2900763358778626,,test,0
70,953,i was working on the presentation the presentation where we had to,0,-1,0,,,0,-1,0.5915492957746479,,test,0
71,1921,youve backed up your data havent you,0,-1,0,,,0,-1,0.7441860465116279,,test,0
72,1646,let me see about th,0,-1,0,,,0,-1,0.5416666666666666,,test,0
73,213,i i love how the new the new interface looks but when i try to to,0,-1,0,,,0,-1,0.41935483870967744,,test,0
74,1493,cultural diversity strengthens i have a point organizational innovation and creativity,0,-1,0,,,0,-1,0.40641711229946526,,test,0
75,770,"oh right, right, just like what happened last summer",1,1,1,737,1,1,1,1.0,737,test,0
76,1138,"i've updated my shipping address, my new shipping address in california",0,-1,0,,,0,-1,0.24299065420560748,,test,0
77,1762,they've implemented a new recycling program in our office building,1,1,1,1745,1,1,1,1.0,1745,test,0
78,500,"well actually, the movie wasn't nearly as scary as everyone said",0,-1,0,,,0,-1,0.3218390804597701,,test,0
79,307,if we look at the numbers from last- no wait the ones from um hold on,0,-1,0,,,0,-1,0.36879432624113473,,test,0
80,1208,she was explaining the process but then something about the workflow is just,0,-1,0,,,0,-1,0.6141732283464567,,test,0
81,1313,"nothing, i guess. good bye",0,-1,0,,,0,-1,0.20689655172413793,,test,0
82,584,jeet yet cause im starvin after all that exercising,0,-1,0,,,0,-1,0.5102040816326531,,test,0
83,847,fam started speaking patois and mandarin at the function still,0,-1,0,,,0,-1,0.5378151260504201,,test,0
84,1328,thank you what is the address and what is the pesticide for bedouln. what fun attractions are near by,0,-1,0,,,0,-1,0.39473684210526316,,test,0
85,347,so about that merge conflict in the um you know when git,0,-1,0,,,0,-1,0.33962264150943394,,test,0
86,1942,theyve been married for ten years now havent they,0,-1,0,,,0,-1,0.5531914893617021,,test,0
87,907,yes please. i also need a place to stay in the west with free wifi,0,-1,0,,,0,-1,0.3157894736842105,,test,0
88,993,what time did you schedule it? the 4am utc meeting today,0,-1,0,,,0,-1,0.390625,,test,0
89,285,we need to discuss the budget for next uh hold on let me just find the um where did i put,0,-1,0,,,0,-1,0.6707317073170732,,test,0
90,1126,could you tell me about the warranty the warranty coverage for,0,-1,0,,,0,-1,0.2782608695652174,,test,0
91,740,"yes, i am also looking for a cinema near the restaurant",0,-1,0,,,0,-1,0.6222222222222222,,test,0
92,596,finna show ya this thing i found in the,0,-1,0,,,0,-1,0.4,,test,0
93,551,was s'posed to tell ya somethin bout the way,0,-1,0,,,0,-1,0.46511627906976744,,test,0
94,130,the reel problem with the system is when it,0,-1,0,,,0,-1,0.42201834862385323,,test,0
95,1573,the data shows an interesting pattern in... unless im interpreting,0,-1,0,,,0,-1,0.3816793893129771,,test,0
96,269,fr fr the deployment process be taking forever and our pm keeps asking about,0,-1,0,,,0,-1,0.417910447761194,,test,0
97,1891,we could implement this solution couldnt we provided that,0,-1,0,,,0,-1,0.31746031746031744,,test,0
98,299,i was thinking maybe we could um like if you want to but then again,0,-1,0,,,0,-1,0.5081967213114754,,test,0
99,664,okay okay now i see what you meant bout the budget,1,1,1,707,1,1,1,1.0,707,test,0
100,1799,the system backup completed successfully didnt it,0,-1,0,,,0,-1,0.4144144144144144,,test,0
101,236,"i can't really um explain why but something about the way they, they",0,-1,0,,,0,-1,0.6567164179104478,,test,0
102,338,i successfully completed all 347 training modules in the cybersecurity course last week,0,-1,0,,,0,-1,0.16666666666666666,,test,0
103,1602,the price is $499,0,-1,0,,,0,-1,0.4888888888888889,,test,0
104,874,ey yaar listen carefully to what im about to tell you about,0,-1,0,,,0,-1,0.5161290322580645,,test,0
105,1167,would it be possible to maybe lets schedule the meeting for next thursday,0,-1,0,,,0,-1,0.5103448275862069,,test,0
106,741,considering the jinling noodle bar prices and they seem to be um,0,-1,0,,,0,-1,0.625,,test,0
107,601,"actually, i don't need a booking. i just need to know when it arrives, thanks",0,-1,0,,,0,-1,0.41739130434782606,,test,0
108,6,how about italian type of food,0,-1,0,,,0,-1,0.5846153846153846,,test,0
109,1438,the track meet might get-- weather forecast shows clear skies now,0,-1,0,,,0,-1,0.4297520661157025,,test,0
110,1459,"right, i'll see you",0,-1,0,,,0,-1,0.36619718309859156,,test,0
111,1434,"the basketball game was supposed to-- oh, they moved it to 07:30 tonight",0,-1,0,,,0,-1,0.5103448275862069,,test,0
112,1417,i was just about to serve when suddenly the ball,0,-1,0,,,0,-1,0.7678571428571429,,test,0
113,1185,she was explaining the process but then something about the workflow,0,-1,0,,,0,-1,0.5714285714285714,,test,0
114,739,"uh-huh, now the whole situation makes perfect sense",0,-1,0,,,0,-1,0.5,,test,0
115,589,whatchu think bout the way they fixed the ceiling,0,-1,0,,,0,-1,0.6341463414634146,,test,0
116,415,"any price range. be a hotel, has free parkin. get me the address too",0,-1,0,,,0,-1,0.5585585585585585,,test,0
117,1359,we were so close back then but now whenever i try to,0,-1,0,,,0,-1,0.4778761061946903,,test,0
118,1425,"i was trying to sign up for the-- perfect, there's still space in the league",0,-1,0,,,0,-1,0.15625,,test,0
119,1496,the development team proposed that wont work before the next,0,-1,0,,,0,-1,0.5190839694656488,,test,0
120,1073,i notice that your responses your responses sometimes vary when i,0,-1,0,,,0,-1,0.5714285714285714,,test,0
121,1945,youve seen this happen before havent you when the system,0,-1,0,,,0,-1,0.7407407407407407,,test,0
122,348,we need to order fifty- make that seventy-five licenses,0,-1,0,,,0,-1,0.4838709677419355,,test,0
123,932,could you tell me more about,0,-1,0,,,0,-1,0.7241379310344828,,test,0
124,166,opening this gift and seeing how thoughtful it was makes me feel,0,-1,0,,,0,-1,0.3582089552238806,,test,0
125,1763,about those server issues from yesterday werent they supposed to,0,-1,0,,,0,-1,0.42857142857142855,,test,0
126,93,need to process 567 forms by,0,-1,0,,,0,-1,0.3684210526315789,,test,0
127,1082,maybe the details,0,-1,0,,,0,-1,0.6842105263157895,,test,0
128,679,mmkay so if im understanding this part about the,0,-1,0,,,0,-1,0.6306306306306306,,test,0
129,805,no price range but i do want a 4 start,0,-1,0,,,0,-1,0.5151515151515151,,test,0
130,583,for four people and possibly,0,-1,0,,,0,-1,0.4473684210526316,,test,0
131,1617,"ah, wait. i think i need to check the availabillity first, then we can",0,-1,0,,,0,-1,0.6491228070175439,,test,0
132,881,i deadass thought yamete when they started to explain the,0,-1,0,,,0,-1,0.5344827586206896,,test,0
133,1445,"i thought the playoffs would-- actually, we qualified for semifinals",0,-1,0,,,0,-1,0.3516483516483517,,test,0
134,947,the manager wanted to discuss wanted to discuss something about the,0,-1,0,,,0,-1,0.9552238805970149,,test,0
135,386,well actually i learned how to ride a bike when i was twelve years old,0,-1,0,,,0,-1,0.3013698630136986,,test,0
136,185,the internet is so slow right now my sister just got accepted to,0,-1,0,,,0,-1,0.3076923076923077,,test,0
137,449,ooh wait until you hear what happened when i tried to,0,-1,0,,,0,-1,0.6041666666666666,,test,0
138,717,any price range is fine,0,-1,0,,,0,-1,0.5882352941176471,,test,0
139,133,wood you mind checking weather the meeting is still on,0,-1,0,,,0,-1,0.5333333333333333,,test,0
140,1227,we should probably look into the way that the users are sort of,0,-1,0,,,0,-1,0.3880597014925373,,test,0
141,1559,"great! send me your address through imessage, and i'll help",0,-1,0,,,0,-1,0.4186046511627907,,test,0
142,1750,maybe 15:15 work work then. could you try that,0,-1,0,,,0,-1,0.21333333333333335,,test,0
143,1457,i was about to score when the defender suddenly,0,-1,0,,,0,-1,0.6060606060606061,,test,0
144,1628,the system detected 347 anomalies during the last scan,0,-1,0,,,0,-1,0.27586206896551724,,test,0
145,1981,just before lunch,0,-1,0,,,0,-1,0.22784810126582278,,test,0
146,934,can you help me locate the document the document that shows,0,-1,0,,,0,-1,0.5528455284552846,,test,0
147,154,the movie was a complete waste of time and money i hated every minute,0,-1,0,,,0,-1,0.47619047619047616,,test,0
148,762,"uh-huh, now the whole situation makes perfect sense",0,-1,0,,,0,-1,0.5,,test,0
149,118,i'd would love to stay for museums in the centre and,0,-1,0,,,0,-1,0.4383561643835616,,test,0
150,708,uh huh got it so thats what the boss was talkin bout,1,1,1,666,1,1,1,1.0,666,test,0
151,296,the client wanted us to change the design to make it more um and then add some kind of,0,-1,0,,,0,-1,0.4675324675324675,,test,0
152,692,that's great. i'd like to book a table for the same group at 14:15 on the same day,0,-1,0,,,0,-1,0.547945205479452,,test,0
153,1403,we were supposed to meet at the library but then everyone,0,-1,0,,,0,-1,0.6126126126126126,,test,0
154,1959,"any time on friday, arrive by 1515hrs. get me the train id please",0,-1,0,,,0,-1,0.42857142857142855,,test,0
155,766,"mhm, and then what happened after they said that the",0,-1,0,,,0,-1,0.6868686868686869,,test,0
156,234,"i can't, i can't believe how they, they messed up my order again, so frustrating",0,-1,0,,,0,-1,0.5797101449275363,,test,0
157,838,yo fam ngl that concert was mad lit mashallah enjoyed every second,0,-1,0,,,0,-1,0.5137614678899083,,test,0
158,411,wow seriously this coffee shop makes the best caramel macchiato ever,0,-1,0,,,0,-1,0.5614035087719298,,test,0
159,340,"i've attached version 3- sorry, version 4 of the proposal",0,-1,0,,,0,-1,0.4126984126984127,,test,0
160,795,my mom called saying beta where are you and then she,0,-1,0,,,0,-1,0.375,,test,0
161,1859,you've seen the error logs right because there's something,0,-1,0,,,0,-1,0.524822695035461,,test,0
162,1380,i thought maybe we could recreate that photo from when we used to,0,-1,0,,,0,-1,0.5161290322580645,,test,0
163,792,fam i was about to wallahi but then the whole situation,0,-1,0,,,0,-1,0.5039370078740157,,test,0
164,421,hey wait a minute i thought you were going to tell me about,0,-1,0,,,0,-1,0.45614035087719296,,test,0
165,752,"the problem with that is- wait, let me rethink this",0,-1,0,,,0,-1,0.39316239316239315,,test,0
166,36,ok great! what type of entertainment is that,0,-1,0,,,0,-1,0.4716981132075472,,test,0
167,485,"i just need their address, star level and whether they have internet please",0,-1,0,,,0,-1,0.5203252032520326,,test,0
168,981,did you hear about the changes the changes they want to,0,-1,0,,,0,-1,0.6788990825688074,,test,0
169,1835,"the budget limitations are quite strict this year, aren't they, but",0,-1,0,,,0,-1,0.4084507042253521,,test,0
170,1266,do you think we could maybe actually the budget was approved yesterday,0,-1,0,,,0,-1,0.6751592356687898,,test,0
171,1356,i was thinking about how friendships sometimes just sort of,0,-1,0,,,0,-1,0.46774193548387094,,test,0
172,312,"turn left at the gas- no, right at the gas station, then go straight",0,-1,0,,,0,-1,0.23703703703703705,,test,0
173,1958,its getting late isnt it and we still have to,0,-1,0,,,0,-1,0.3,,test,0
174,1798,they must have forgotten about the meeting didnt they,0,-1,0,,,0,-1,0.6306306306306306,,test,0
175,636,somethin tells me we shoulda taken the other route home,1,1,1,621,1,1,1,1.0,621,test,0
176,533,prolly shoulda mentioned earlier that i was gonna,0,-1,0,,,0,-1,0.7708333333333334,,test,0
177,304,could you help me find the uh the thing with the you know where we,0,-1,0,,,0,-1,0.6722689075630253,,test,0
178,1299,"they wanted us to review the-- ah, you've implemented all the changes",0,-1,0,,,0,-1,0.6308724832214765,,test,0
179,442,uh yeah so anyway about what we discussed regarding the,0,-1,0,,,0,-1,0.3333333333333333,,test,0
180,67,actually uh i was about to order um dessert but,0,-1,0,,,0,-1,0.23529411764705882,,test,0
181,1879,the performance metrics look good dont they except for when,0,-1,0,,,0,-1,0.4852941176470588,,test,0
182,70,"yes, and i would also need a taxi to leave by 1:00",0,-1,0,,,0,-1,0.5591397849462365,,test,0
183,1466,the marketing team suggested i disagree with launching the campaign before the holiday season,0,-1,0,,,0,-1,0.23783783783783785,,test,0
184,189,"this report is due tomorrow, i love how the sunset looks from my",0,-1,0,,,0,-1,0.39669421487603307,,test,0
185,267,"bruh, these documentation updates are straight bussin', no cap fr",0,-1,0,,,0,-1,0.4132231404958678,,test,0
186,1836,"we could implement that feature sooner, couldn't we, if we",0,-1,0,,,0,-1,0.6857142857142857,,test,0
187,32,thanks for investigating the issue with those,0,-1,0,,,0,-1,0.37383177570093457,,test,0
188,1151,they were supposed to deliver the wait actually they already sent the materials this morning,0,-1,0,,,0,-1,0.6410256410256411,,test,0
189,1057,i appreciate your help - your step-by-step help with debugging today,0,-1,0,,,0,-1,0.3697478991596639,,test,0
190,418,well like if you consider what happened last time with the,0,-1,0,,,1,0,0.991304347826087,405,test,0
191,1606,booking a taxi from the hotel to the restaurant sounds like it's going to be,0,-1,0,,,0,-1,0.6046511627906976,,test,0
192,1773,about that email from corporate wasnt there mention of,0,-1,0,,,0,-1,0.5405405405405406,,test,0
193,1273,i would like one with internet. what are the price ranges for those,0,-1,0,,,0,-1,0.4631578947368421,,test,0
194,1511,i remember exactly where i was... when they announced the lunar landing anniversary special,0,-1,0,,,0,-1,0.5228758169934641,,test,0
195,1926,we should order pizza for dinner shall we,0,-1,0,,,0,-1,0.5434782608695652,,test,0
196,455,sheesh that horror movie kept me awake for three nights straight,0,-1,0,,,0,-1,0.4,,test,0
197,828,bro started speaking deutsch in the middle of his presentation,0,-1,0,,,0,-1,0.41025641025641024,,test,0
198,684,considering the 7 options and wondering if maybe,0,-1,0,,,0,-1,0.7878787878787878,,test,0
199,1081,um their address,0,-1,0,,,0,-1,0.5,,test,0
200,54,i was thinking about what would happen after i arrive at parkside police station in that black,0,-1,0,,,0,-1,0.5029239766081871,,test,0
201,252,finna head out to that function but ion even know if its gonna be,0,-1,0,,,0,-1,0.4423076923076923,,test,0
202,941,my computer keeps freezing keeps freezing when i open too many tabs,0,-1,0,,,0,-1,0.6106870229007634,,test,0
203,1487,if everyone could just i need to say something because the situation requires,0,-1,0,,,0,-1,0.5151515151515151,,test,0
204,764,yes please for two people at 16:15 on wednesday please if its not too much trouble,0,-1,0,,,0,-1,0.15384615384615385,,test,0
205,1867,the team's been working overtime havent they but i noticed,0,-1,0,,,0,-1,0.5043478260869565,,test,0
206,1,"book whatever is avaliable, thanks",0,-1,0,,,0,-1,0.5901639344262295,,test,0
207,885,my tita kept saying ingat when i was trying to tell her about,0,-1,0,,,0,-1,0.5454545454545454,,test,0
208,1326,"real quickly, what is the travel time",0,-1,0,,,0,-1,0.5316455696202531,,test,0
209,231,"the way they, um, they handled my complaint was, was absolutely terrible",0,-1,0,,,0,-1,0.37267080745341613,,test,0
210,19,yes. i want to book 6 people. i need the reference number as well,0,-1,0,,,0,-1,0.6067415730337079,,test,0
211,51,"i'm trying to get in shape and i'm not sure where to start with a workout routine, can you help me",0,-1,0,,,0,-1,0.24793388429752067,,test,0
212,591,was boutta tell ya sumthin bout what happened when,0,-1,0,,,0,-1,0.7956989247311828,,test,0
213,1529,and the hotel reservation details are,0,-1,0,,,0,-1,0.6206896551724138,,test,0
214,1972,for my birthday,0,-1,0,,,0,-1,0.45161290322580644,,test,0
215,1729,still considering if there's something else i can help you with today and,0,-1,0,,,0,-1,0.3387096774193548,,test,0
216,219,no that's all i needed. thank you,0,-1,0,,,0,-1,0.6666666666666666,,test,0
217,64,"yes, i'm looking for colleges in the centre",0,-1,0,,,0,-1,0.625,,test,0
218,1680,the recipe calls for three cups of flour and then you need to,0,-1,0,,,0,-1,0.5373134328358209,,test,0
219,33,was thinking about the european option but,0,-1,0,,,0,-1,0.4536082474226804,,test,0
220,793,listen yeah mashallah the food was blessed still you get me,0,-1,0,,,0,-1,0.42735042735042733,,test,0
221,1071,"i'd like to modify my reservation, my 8pm reservation for tomorrow",0,-1,0,,,0,-1,0.4406779661016949,,test,0
222,127,knot sure weather we should proceed with,0,-1,0,,,0,-1,0.3826086956521739,,test,0
223,1177,"would you check again for a guesthouse in the moderate price range, in the north with four stars, please",0,-1,0,,,0,-1,0.5393258426966292,,test,0
224,814,the guy walks in saying bonjour and next thing you know,0,-1,0,,,0,-1,0.3611111111111111,,test,0
225,1095,would you explain your confidence? your confidence in this particular answer,0,-1,0,,,0,-1,0.2689075630252101,,test,0
226,1100,let me rephrase my question - rephrase my question more clearly for you,0,-1,0,,,0,-1,0.37593984962406013,,test,0
227,1045,"we need extra chopsticks, extra chopsticks for the sushi platter",0,-1,0,,,0,-1,0.18333333333333332,,test,0
228,1112,my order status shows pending shows pending even though i already,0,-1,0,,,0,-1,0.3548387096774194,,test,0
229,1703,great can you book one for 2 people at 16:00 on monday please,0,-1,0,,,0,-1,0.6548672566371682,,test,0
230,1386,the professor mentioned something about extra credit but then,0,-1,0,,,0,-1,0.5454545454545454,,test,0
231,1699,"goodbye, but did anyone check why the tests are still",0,-1,0,,,0,-1,0.40963855421686746,,test,0
232,1499,nope. that should cover it,0,-1,0,,,0,-1,0.5925925925925926,,test,0
233,140,yeah i definitely need to schedule that dentist appointment for next tuesday at 2 pm,0,-1,0,,,0,-1,0.7066666666666667,,test,0
234,1411,i have no preference but can i get a phone number to one of them,0,-1,0,,,0,-1,0.7891156462585034,,test,0
235,1068,i need help with optimizing optimizing the way i communicate with you so that,0,-1,0,,,0,-1,0.38,,test,0
236,290,could you help me find the file that has the uh you know the one with all the um,0,-1,0,,,0,-1,0.6616541353383458,,test,0
237,1247,not my problem,0,-1,0,,,0,-1,0.3,,test,0
238,1402,i started taking notes but then the presentation just kind of,0,-1,0,,,0,-1,0.60431654676259,,test,0
239,1393,"i'm not sure if we should-- i checked, and we definitely need graphing paper",0,-1,0,,,0,-1,0.48,,test,0
240,359,"the repository name is project-alpha- correction, project-beta main",0,-1,0,,,0,-1,0.38333333333333336,,test,0
241,1663,"actually, i'm in the mood for cantonese food. are there any like that",0,-1,0,,,0,-1,0.3695652173913043,,test,0
242,1117,"i need to update my payment method, my expired payment method please",0,-1,0,,,0,-1,0.30656934306569344,,test,0
243,1465,the board of directors approved i already heard our proposal for international expansion,0,-1,0,,,0,-1,0.44755244755244755,,test,0
244,82,invoice #rt-789 shows a balance of,0,-1,0,,,0,-1,0.26666666666666666,,test,0
245,47,either one is fine. i need to book it for 5 nights on wednesday. there are 4 people,0,-1,0,,,0,-1,0.32,,test,0
246,980,who's handling the presentation? the quarterly presentation next week,0,-1,0,,,0,-1,0.5517241379310345,,test,0
247,150,oh yeah she definitely said the meeting starts at nine oclock sharp,0,-1,0,,,0,-1,0.5688073394495413,,test,0
248,767,"right right, just like in that training video we watched",1,1,1,750,1,1,1,1.0,750,test,0
249,1216,can someone explain why the oh i found the documentation in the wiki,0,-1,0,,,0,-1,0.8695652173913043,,test,0
250,499,"hey, remember that time when we were all at the beach and",0,-1,0,,,0,-1,0.7096774193548387,,test,0
251,931,"no, thank you",0,-1,0,,,0,-1,0.5142857142857142,,test,0
252,389,ah man i cant believe how quickly this semester went by,0,-1,0,,,0,-1,0.4778761061946903,,test,0
253,256,dawg when i tell you this food was hittin but then my stomach started,0,-1,0,,,0,-1,0.4576271186440678,,test,0
254,822,and wondering if thursday,0,-1,0,,,0,-1,0.5263157894736842,,test,0
255,350,the new feature implementation requires us to uh let me think about,0,-1,0,,,0,-1,0.2647058823529412,,test,0
256,478,"well honestly, i think the blue paint looks better in this lighting",0,-1,0,,,0,-1,0.64,,test,0
257,155,no thanks doesnt help me,0,-1,0,,,0,-1,0.5490196078431373,,test,0
258,462,id be staying for 3 nights,0,-1,0,,,0,-1,0.4117647058823529,,test,0
259,1282,"could you take a look at how the-- well, the way that it seems to",0,-1,0,,,0,-1,0.5390070921985816,,test,0
260,632,cmere and lemme show ya sumthin bout the,0,-1,0,,,0,-1,0.5319148936170213,,test,0
261,132,aisle have to check the male for the confirmation code,0,-1,0,,,0,-1,0.45,,test,0
262,1863,you remember the previous implementation dont you when we had to,0,-1,0,,,0,-1,0.5967741935483871,,test,0
263,1849,"we're supposed to submit the report by noon, right",0,-1,0,,,0,-1,0.42424242424242425,,test,0
264,1439,do we need to bring our own-- the equipment's provided by the facility,0,-1,0,,,0,-1,0.37142857142857144,,test,0
265,1026,"the cluster is scaling, automatically scaling due to high traffic",0,-1,0,,,0,-1,0.36764705882352944,,test,0
266,274,ion even know why we switched frameworks when the old one was,0,-1,0,,,0,-1,0.39285714285714285,,test,0
267,582,coulda sworn i put my wallet right here on the table,0,-1,0,,,0,-1,0.417910447761194,,test,0
268,756,"mmkay, so if i'm following what you're saying about the",1,0,1,749,0,1,0,1.0,749,test,0
269,630,coulda been worse if ya think bout how they,0,-1,0,,,0,-1,0.5714285714285714,,test,0
270,1974,when we got there,0,-1,0,,,0,-1,0.5454545454545454,,test,0
271,1046,i'm getting these warnings these warnings in the console whenever,0,-1,0,,,0,-1,0.3157894736842105,,test,0
272,1293,they were explaining the process but then the workflow seemed to,0,-1,0,,,0,-1,0.4778761061946903,,test,0
273,355,"contact support at extension 4321- no, 4312 for assistance",0,-1,0,,,0,-1,0.17142857142857143,,test,0
274,1047,the kubernetes cluster the cluster configuration where we,0,-1,0,,,0,-1,0.3875968992248062,,test,0
275,507,i'ma tell you sumthin that'll make ya laugh so hard,0,-1,0,,,0,-1,0.4380952380952381,,test,0
276,1295,should we consider implementing the-- i mean if we look at how the,0,-1,0,,,0,-1,0.4,,test,0
277,1262,the team was wondering if we could maybe depending on how the,0,-1,0,,,0,-1,0.5471698113207547,,test,0
278,540,ya'll wanna come wit us to the movies tonight,0,-1,0,,,0,-1,0.33962264150943394,,test,0
279,381,hey listen i really appreciate you helping me move into my new apartment,0,-1,0,,,0,-1,0.7034482758620689,,test,0
280,1039,could you look at my code my code in the pull request that,0,-1,0,,,0,-1,0.42857142857142855,,test,0
281,928,the team was working on the project on the project that would,0,-1,0,,,0,-1,0.5263157894736842,,test,0
282,1992,the blue one,0,-1,0,,,0,-1,0.3037974683544304,,test,0
283,5,i'm also looking for a cheap chinese place to eat at,0,-1,0,,,0,-1,0.8686868686868687,,test,0
284,148,oh yeah i remember when we used to,0,-1,0,,,0,-1,0.5,,test,0
285,1475,we need to implement the new security protocols right but wait across all our systems by next month,0,-1,0,,,0,-1,0.4774193548387097,,test,0
286,884,mans really said shukran and dipped before anyone could,0,-1,0,,,0,-1,0.45045045045045046,,test,0
287,1075,"hey ai, can you switch to code mode - you know, code generation mode please",0,-1,0,,,0,-1,0.2676056338028169,,test,0
288,1486,our statistical analysis demonstrates let me interrupt clear correlation between these variables,0,-1,0,,,0,-1,0.39572192513368987,,test,0
289,1113,the confirmation email the confirmation email that was supposed to,0,-1,0,,,0,-1,0.43902439024390244,,test,0
290,1630,"anything that you recommend, i'm new to the town",0,-1,0,,,0,-1,0.3096774193548387,,test,0
291,169,they completely ruined my favorite book series with that terrible ending,0,-1,0,,,0,-1,0.3783783783783784,,test,0
292,1869,the client approved the design didnt they though there's still,0,-1,0,,,0,-1,0.7317073170731707,,test,0
293,1161,the problem with the i found out the database backup completed successfully last night,0,-1,0,,,0,-1,0.4,,test,0
294,481,i also need a hotel room,0,-1,0,,,0,-1,0.6222222222222222,,test,0
295,857,yes please. get me the address,0,-1,0,,,0,-1,0.5084745762711864,,test,0
296,695,"hotel is nearby that corner, so you can start from",0,-1,0,,,0,-1,0.38202247191011235,,test,0
297,10,what if traffic is,0,-1,0,,,0,-1,0.29473684210526313,,test,0
298,986,"we need to validate these numbers, these conversion numbers specifically",0,-1,0,,,0,-1,0.46875,,test,0
299,1717,i've updated the documentation with the latest api changes,0,-1,0,,,0,-1,0.5196850393700787,,test,0
300,1025,"they forgot my side dish, my side of sweet potato fries",0,-1,0,,,0,-1,0.26785714285714285,,test,0
301,433,"thank you for your help, that is all i need today",0,-1,0,,,0,-1,0.691358024691358,,test,0
302,471,"wow, can you believe they actually finished the construction ahead of schedule",0,-1,0,,,0,-1,0.2706766917293233,,test,0
303,1069,when i ask for creative solutions creative solutions you tend to,0,-1,0,,,0,-1,0.3157894736842105,,test,0
304,13,"i'm looking at train schedules from cambridge to birmingham, and was wondering about",0,-1,0,,,0,-1,0.5793103448275863,,test,0
305,241,i'm looking for an indonesian restaurant that's moderate in price,0,-1,0,,,0,-1,0.366412213740458,,test,0
306,681,yep yep and then when they started talking bout,0,-1,0,,,0,-1,0.46464646464646464,,test,0
307,1771,looking at the test results wouldnt you rather,0,-1,0,,,0,-1,0.7191011235955056,,test,0
308,91,"are there any chinese restaurants on the east side of town? if so, what is the address, phone number and post code",0,-1,0,,,0,-1,0.4,,test,0
309,1298,the team suggested we might want to-- but then again when you think,0,-1,0,,,0,-1,0.49230769230769234,,test,0
310,1613,device battery level is at 15% and needs charging immediately,0,-1,0,,,0,-1,0.35658914728682173,,test,0
311,904,can you check my reservation my hotel reservation for next tuesday,0,-1,0,,,0,-1,0.4074074074074074,,test,0
312,901,can you tell me where the meeting where the uh the meeting,0,-1,0,,,0,-1,0.4778761061946903,,test,0
313,195,is it a 4 star place,0,-1,0,,,0,-1,0.26865671641791045,,test,0
314,351,we should probably consider updating the uh what's that framework called,0,-1,0,,,0,-1,0.41379310344827586,,test,0
315,1552,i will travel on thursday. anything you need,0,-1,0,,,0,-1,0.44660194174757284,,test,0
316,962,"we discussed this yesterday, we definitely discussed this in the standup",0,-1,0,,,0,-1,0.782051282051282,,test,0
317,843,my jija says dekho dekho whenever he wants to show something,0,-1,0,,,0,-1,0.49572649572649574,,test,0
318,1925,the new policy takes effect next month doesnt it,0,-1,0,,,0,-1,0.29906542056074764,,test,0
319,11,i prefer to stay in a moderate area,0,-1,0,,,0,-1,0.44036697247706424,,test,0
320,1525,the construction project should finish... before the holiday season begins,0,-1,0,,,0,-1,0.3611111111111111,,test,0
321,1063,can i substitute the rice? the white rice for brown rice instead,0,-1,0,,,0,-1,0.3516483516483517,,test,0
322,464,"hmm, well considering the circumstances, i think we made the right choice",0,-1,0,,,0,-1,0.4838709677419355,,test,0
323,149,ight now im sitting in my car outside the grocery store,0,-1,0,,,0,-1,0.5194805194805194,,test,0
324,1922,we could start the project now couldnt we if we just,0,-1,0,,,0,-1,0.6842105263157895,,test,0
325,1730,still wondering about that other question and,0,-1,0,,,0,-1,0.42990654205607476,,test,0
326,1949,you cant seriously expect me to believe that can you,0,-1,0,,,0,-1,0.4,,test,0
327,244,"the, the new coffee shop downtown is, is absolutely amazing, best lattes ever",0,-1,0,,,0,-1,0.5546218487394958,,test,0
328,1928,where did everyone save those files from the presentation that we,0,-1,0,,,0,-1,0.524822695035461,,test,0
329,897,heh you really thought you could beat me,0,-1,0,,,0,-1,0.5,,test,0
330,547,"nope, i just need the entrance fee, phone number, and address of your favorite one",0,-1,0,,,0,-1,0.5423728813559322,,test,0
331,360,hmm.. how about 12:15,0,-1,0,,,0,-1,0.3287671232876712,,test,0
332,519,lemme tell ya bout what happened at work yesterday,0,-1,0,,,0,-1,0.6451612903225806,,test,0
333,192,the washing machine is broken again i cant wait for my vacation next,0,-1,0,,,0,-1,0.46616541353383456,,test,0
334,365,the user permissions should be set to allow uh which level was it,0,-1,0,,,0,-1,0.3384615384615385,,test,0
335,760,"mmhm, that's precisely why i suggested the changes",1,1,1,738,1,1,1,1.0,738,test,0
336,255,from kings lynn train station,0,-1,0,,,0,-1,0.3157894736842105,,test,0
337,844,my lolo was telling me anak you should always remember how,0,-1,0,,,0,-1,0.4247787610619469,,test,0
338,579,mighta been better if we went to the other restaurant,0,-1,0,,,0,-1,0.651685393258427,,test,0
339,1761,thanks now i need a taxi leaving the hotel by 23:30 going to the theatre,0,-1,0,,,0,-1,0.3655913978494624,,test,0
340,1083,could you analyze this prompt? this complex prompt i've constructed,0,-1,0,,,0,-1,0.417910447761194,,test,0
341,1670,"around $10, but i'm not sure if i want a clear case or something with a",0,-1,0,,,0,-1,0.2,,test,0
342,356,"it's a loop that's supposed to iterate over a list, but it's not working as",0,-1,0,,,0,-1,0.22988505747126436,,test,0
343,1951,you remember sarah from accounting dont you she was the one who,0,-1,0,,,0,-1,0.5611510791366906,,test,0
344,1035,is the steak - the medium-rare steak - still available tonight,0,-1,0,,,0,-1,0.38961038961038963,,test,0
345,397,er well the thing is when you mentioned about the,0,-1,0,,,0,-1,0.5102040816326531,,test,0
346,691,mm yeah yeah so when youre talking bout how the,0,-1,0,,,0,-1,0.7291666666666666,,test,0
347,587,gonna need some help movin all these boxes upstairs,0,-1,0,,,0,-1,0.3333333333333333,,test,0
348,137,"that is all i need i will be on my way, tootles",0,-1,0,,,0,-1,0.4864864864864865,,test,0
349,109,considering the train schedule for monday and wondering if there's a,0,-1,0,,,0,-1,0.7058823529411765,,test,0
350,1447,the team bus was supposed to-- they updated departure to 07:45 utc,0,-1,0,,,0,-1,0.4339622641509434,,test,0
351,935,booking one night at the avalon hotel would be and then somehow,0,-1,0,,,0,-1,0.2765957446808511,,test,0
352,1201,could you check if the system is i ran the diagnostics everything passed,1,1,1,1249,1,1,1,1.0,1249,test,0
353,314,no thank you. that's all i need for now,0,-1,0,,,0,-1,0.7323943661971831,,test,0
354,1878,"they've fixed all the major bugs already, haven't they",0,-1,0,,,0,-1,0.6730769230769231,,test,0
355,1568,considering another hotel in the same pricerange and maybe something like,0,-1,0,,,0,-1,0.7638888888888888,,test,0
356,1134,could you resend the confirmation? the order confirmation email please,0,-1,0,,,0,-1,0.32142857142857145,,test,0
357,181,my old phone broke down last week and honestly this new one takes much better photos of my garden,0,-1,0,,,0,-1,0.43870967741935485,,test,0
358,41,i'm looking for a train headed to cambridge,0,-1,0,,,0,-1,0.7307692307692307,,test,0
359,342,when you initialize the database you need to make sure that um hold on,0,-1,0,,,0,-1,0.3548387096774194,,test,0
360,1618,room 507 is booked from 2:00 pm to 4:30 pm tomorrow,0,-1,0,,,0,-1,0.3541666666666667,,test,0
361,206,this this restaurant they they always mess up my order i i cant stand going there anymore,0,-1,0,,,0,-1,0.24427480916030533,,test,0
362,1724,the client approved our proposal for the mobile app redesign,0,-1,0,,,0,-1,0.49122807017543857,,test,0
363,487,bye everyone but did anyone see where those,0,-1,0,,,0,-1,0.28888888888888886,,test,0
364,1753,we should consider adding more testing phases to our workflow,0,-1,0,,,0,-1,0.23622047244094488,,test,0
365,262,the way this project been stressin me out like i cant even with these,0,-1,0,,,0,-1,0.32786885245901637,,test,0
366,976,the client approved the design - the final design we sent yesterday,0,-1,0,,,0,-1,0.48717948717948717,,test,0
367,592,lemme think bout how they was tryna explain the,0,-1,0,,,0,-1,0.5714285714285714,,test,0
368,468,"ugh, don't even get me started on how the whole situation with",0,-1,0,,,0,-1,0.43859649122807015,,test,0
369,606,is there a gastropub in that area instead,0,-1,0,,,0,-1,0.5,,test,0
370,1267,"should we schedule the meeting for-- perfect, i see you've booked it for march 15th",0,-1,0,,,0,-1,0.4,,test,0
371,1194,i wanted to ask about the project timeline but then i thought maybe we should,0,-1,0,,,0,-1,0.5882352941176471,,test,0
372,1297,"yes, if it has a three star rating",0,-1,0,,,0,-1,0.42718446601941745,,test,0
373,476,"please make sure to submit your expense reports for the london conference by next friday, and don't forget to include all receipts",0,-1,0,,,0,-1,0.33980582524271846,,test,0
374,1004,"we should sync with apac, sync with the singapore team tomorrow",0,-1,0,,,0,-1,0.46296296296296297,,test,0
375,1910,they should arrive soon shouldnt they assuming that,0,-1,0,,,0,-1,0.39344262295081966,,test,0
376,866,mans really pulled up saying assalamu alaikum and then,0,-1,0,,,0,-1,0.6037735849056604,,test,0
377,819,she really said gracias amor and dipped from the function,0,-1,0,,,0,-1,0.49557522123893805,,test,0
378,266,"yo, the way this code review is dragging on and nobody's even addressing the main",0,-1,0,,,0,-1,0.3443708609271523,,test,0
379,1933,thinking about the party size and whether to include,0,-1,0,,,0,-1,0.544,,test,0
380,1038,i'd like the pasta - the spicy pasta with shrimp please,0,-1,0,,,0,-1,0.35185185185185186,,test,0
381,1229,the database seems to be having some i restarted the server its working fine,0,-1,0,,,0,-1,0.3384615384615385,,test,0
382,643,going to the restaurant at,0,-1,0,,,0,-1,0.7450980392156863,,test,0
383,1566,before we implement the changes we should probably... especially considering,0,-1,0,,,0,-1,0.4195804195804196,,test,0
384,1991,looking at the,0,-1,0,,,0,-1,0.41509433962264153,,test,0
385,180,the weather ruined our beach plans so we had an amazing indoor picnic with board games instead,0,-1,0,,,0,-1,0.3048780487804878,,test,0
386,1883,going to don pasquale and i need to figure out the best route but,0,-1,0,,,0,-1,0.5166666666666667,,test,0
387,1059,"we ordered takeout, takeout for pickup at 6:30pm tonight",0,-1,0,,,0,-1,0.3177570093457944,,test,0
388,1352,"should we ask the professor about-- wait, it's explained in the syllabus now",0,-1,0,,,0,-1,0.4276729559748428,,test,0
389,1694,the center of town would be best,0,-1,0,,,0,-1,0.5901639344262295,,test,0
390,466,"well actually, if you think about what sarah said regarding the",0,-1,0,,,0,-1,0.6386554621848739,,test,0
391,197,"thanks, can i also have the phone number and postcode",0,-1,0,,,0,-1,0.5360824742268041,,test,0
392,1037,they're migrating the database the database where we keep all the,0,-1,0,,,0,-1,0.464,,test,0
393,1098,i submitted my request my support request three days ago but,0,-1,0,,,0,-1,0.345679012345679,,test,0
394,1056,i'm working on that analysis that analysis about the market,0,-1,0,,,0,-1,0.36,,test,0
395,1985,from the grocery store,1,1,1,1961,1,1,1,1.0,1961,test,0
396,1285,"do you think we should wait for-- no, i confirm all stakeholders have responded",0,-1,0,,,0,-1,0.2773722627737226,,test,0
397,119,"i would like to find a hotel, preferable one that is moderately priced",0,-1,0,,,0,-1,0.5203252032520326,,test,0
398,1422,"yeah, i need a taxi to get me from the hotel to the restaurant",0,-1,0,,,0,-1,0.6455696202531646,,test,0
399,1116,can we process an exchange? an immediate exchange for the damaged item,0,-1,0,,,0,-1,0.22033898305084745,,test,0
400,80,please enter your 6-digit code starting with 45,0,-1,0,,,0,-1,0.21428571428571427,,test,0
401,526,somethin bout the way they was talkin made me think,0,-1,0,,,0,-1,0.46601941747572817,,test,0
402,921,my password stopped working it stopped working right after the system update,0,-1,0,,,0,-1,0.3582089552238806,,test,0
403,1164,im thinking we should probably revise the whole thing because when i look at,0,-1,0,,,0,-1,0.7346938775510204,,test,0
404,204,the the new system is is making me feel really really frustrated because whenever i,0,-1,0,,,0,-1,0.41379310344827586,,test,0
405,1344,"my childhood friend keeps trying to-- ah, she finally reached out on instagram",0,-1,0,,,0,-1,0.35135135135135137,,test,0
406,1284,what is the price of the ticket and departure time,0,-1,0,,,0,-1,0.4444444444444444,,test,0
407,877,that sounds really,0,-1,0,,,0,-1,0.6792452830188679,,test,0
408,1286,the client mentioned they wanted to-- unless we should maybe,0,-1,0,,,0,-1,0.4888888888888889,,test,0
409,248,so like when he pulled up in that whip and started actin all,0,-1,0,,,0,-1,0.5178571428571429,,test,0
410,575,imma head to the store bout now since its still open,0,-1,0,,,0,-1,0.40860215053763443,,test,0
411,810,i need to get my vida together porque this ain't working anymore,0,-1,0,,,0,-1,0.37735849056603776,,test,0
412,1600,"that should work, what is the travel time on that",0,-1,0,,,0,-1,0.5934065934065934,,test,0
413,1171,she mentioned something about the i confirmed the conference room is booked,0,-1,0,,,0,-1,0.8157894736842105,,test,0
414,458,"um, so about what happened at the meeting yesterday when jim",0,-1,0,,,0,-1,0.5486725663716814,,test,0
415,865,bro wallahi i was boutta explain until the whole thing,0,-1,0,,,0,-1,0.56,,test,0
416,1182,we should consider how to im going to schedule the planning session for monday,0,-1,0,,,0,-1,0.37681159420289856,,test,0
417,1572,"try just 1 night, then",0,-1,0,,,0,-1,0.40540540540540543,,test,0
418,1408,of course. can you tell me the address and entrance fee please,0,-1,0,,,0,-1,0.5031446540880503,,test,0
419,1148,is the car going to be ready by,0,-1,0,,,0,-1,0.3953488372093023,,test,0
420,104,"hi there, i need to know where i can find the parkside police station",0,-1,0,,,0,-1,0.4383561643835616,,test,0
421,1543,how many people are we expecting for dinner tonight,0,-1,0,,,0,-1,0.5686274509803921,,test,0
422,1176,the rajmahal please,0,-1,0,,,0,-1,0.5,,test,0
423,520,imma hafta go to the store real quick for some groceries,0,-1,0,,,0,-1,0.3333333333333333,,test,0
424,423,thank you team for reviewing those files that we,0,-1,0,,,0,-1,0.4166666666666667,,test,0
425,1472,um so regarding those changes we discussed during yesterdays call i was wondering if you might be able to explain why the team,0,-1,0,,,0,-1,0.32298136645962733,,test,0
426,479,phew! that presentation went way better than i expected it would,0,-1,0,,,0,-1,0.631578947368421,,test,0
427,1388,flight ac419 will depart at 3:45 pm from gate b7,0,-1,0,,,0,-1,0.5063291139240507,,test,0
428,968,mark's team - i mean mark's whole team - will be there tomorrow,0,-1,0,,,0,-1,0.4444444444444444,,test,0
429,1484,students who participate in extracurricular activities mine dont tend to perform better academically,0,-1,0,,,0,-1,0.36764705882352944,,test,0
430,1109,the tracking number you provided the tracking number for my package isn't,0,-1,0,,,0,-1,0.4755244755244755,,test,0
431,87,distance showing 234 miles from,0,-1,0,,,0,-1,0.7045454545454546,,test,0
432,1902,"i know you've seen this movie before, haven't you",0,-1,0,,,0,-1,0.5245901639344263,,test,0
433,1373,the chemistry lab report should-- i see it's already been graded online,0,-1,0,,,0,-1,0.33043478260869563,,test,0
434,1546,when you consider all the factors involved with... and how that might affect,0,-1,0,,,0,-1,0.5179856115107914,,test,0
435,1490,remote work policies increase not in our case employee satisfaction and retention,0,-1,0,,,0,-1,0.3763440860215054,,test,0
436,1049,could you help me rephrase help me rephrase this prompt that i'm,0,-1,0,,,0,-1,0.27906976744186046,,test,0
437,948,your badge your security badge needs to be renewed next month,0,-1,0,,,0,-1,0.6349206349206349,,test,0
438,518,"huh, that reminds me of that one time when we all",0,-1,0,,,0,-1,0.5614035087719298,,test,0
439,1287,i'm trying to understand why the metrics are showing such unusual,0,-1,0,,,0,-1,0.6031746031746031,,test,0
440,1903,"you've seen the error logs, right, because there's something",0,-1,0,,,0,-1,0.5174825174825175,,test,0
441,604,betcha didnt know that when i tried to,0,-1,0,,,0,-1,0.7397260273972602,,test,0
442,245,"""i'm not, not sure how to feel about the changes because every time i",0,-1,0,,,0,-1,0.43137254901960786,,test,0
443,1616,no. i just told you that i want the,0,-1,0,,,0,-1,0.4897959183673469,,test,0
444,615,i'd also like to book a taxi to go between the two. i'd like to leave byard art by 21:30,0,-1,0,,,0,-1,0.6174496644295302,,test,0
445,709,hmm yeah yeah that makes way more sense than before,1,1,1,669,1,1,1,1.0,669,test,0
446,253,yall shoulda seen how this mans botched the presentation it was proper tragic,0,-1,0,,,0,-1,0.5039370078740157,,test,0
447,1662,i've been trying to perfect this new recipe but the sauce keeps,0,-1,0,,,0,-1,0.5396825396825397,,test,0
448,326,"john's extension is 4455- i mean 4554, if you need to reach him",0,-1,0,,,0,-1,0.4603174603174603,,test,0
449,549,lemme see if i can member what they was sayin bout,0,-1,0,,,0,-1,0.6666666666666666,,test,0
450,453,aha now i understand why the printer keeps showing that error message,0,-1,0,,,0,-1,0.4186046511627907,,test,0
451,720,about the postcode for thanh binh and wondering if it's really cb30af or,0,-1,0,,,0,-1,0.33663366336633666,,test,0
452,1595,the conference room fits exactly 75 people at maximum capacity,0,-1,0,,,0,-1,0.375,,test,0
453,563,signing off for today bye see you tomorrow,0,-1,0,,,0,-1,0.5287356321839081,,test,0
454,443,wow hold on i just remembered something about when we,0,-1,0,,,0,-1,0.7130434782608696,,test,0
455,1234,the team suggested we should i got confirmation from management to proceed,0,-1,0,,,0,-1,0.5503355704697986,,test,0
456,53,"i was thinking about going to byard art, can you tell me the address and what the entrance fee is",0,-1,0,,,0,-1,0.422680412371134,,test,0
457,581,"she likes music and art, but i'm not sure what to",0,-1,0,,,0,-1,0.35294117647058826,,test,0
458,1905,"signing off, bye bye! everything's set for tomorrow's meeting",0,-1,0,,,0,-1,0.09375,,test,0
459,1147,could you help me understand why the reports are so i mean the way that they,0,-1,0,,,0,-1,0.7007299270072993,,test,0
460,1544,the client mentioned something about... and i wasnt quite sure if,0,-1,0,,,0,-1,0.41935483870967744,,test,0
461,840,i was going through it and she just says c'est la vie innit,0,-1,0,,,0,-1,0.5128205128205128,,test,0
462,1682,we should probably look into why the system occasionally,0,-1,0,,,0,-1,0.3937007874015748,,test,0
463,1596,your refund of $89.50 has been processed successfully,0,-1,0,,,0,-1,0.5391304347826087,,test,0
464,151,uh hold on i need to check if,0,-1,0,,,0,-1,0.23655913978494625,,test,0
465,426,mm yeah this soup definitely needs more salt and maybe some pepper,0,-1,0,,,0,-1,0.5365853658536586,,test,0
466,826,at 12:45 please,0,-1,0,,,0,-1,0.5833333333333334,,test,0
467,1231,we were thinking about changing the i already updated the configuration settings,0,-1,0,,,0,-1,0.5748502994011976,,test,0
468,417,well actually according to the weather forecast it should snow tomorrow,0,-1,0,,,0,-1,0.4251968503937008,,test,0
469,1382,"have you heard from our old-- yes, maria just updated her contact information",0,-1,0,,,0,-1,0.2702702702702703,,test,0
470,1789,"nothing else today, thanks",0,-1,0,,,0,-1,0.6956521739130435,,test,0
471,1982,not really but,0,-1,0,,,0,-1,0.5957446808510638,,test,0
472,830,my lola keeps saying anak you need to study mas mahusay,0,-1,0,,,0,-1,0.3055555555555556,,test,0
473,852,i would like to stay in the moderate price range and i will need free parking,0,-1,0,,,0,-1,0.644808743169399,,test,0
474,1788,regarding next weeks presentation wouldnt it be better if,0,-1,0,,,0,-1,0.52,,test,0
475,1966,thinking about how,0,-1,0,,,0,-1,0.45,,test,0
476,1508,these flowers only bloom in spring... usually around the beginning of april,0,-1,0,,,0,-1,0.4316546762589928,,test,0
477,229,can someone tell me if,0,-1,0,,,0,-1,0.46808510638297873,,test,0
478,646,whatchu think bout maybe we could go and,0,-1,0,,,0,-1,0.9041095890410958,,test,0
479,1810,i am looking for a centrally located upscale restaurant,0,-1,0,,,0,-1,0.39215686274509803,,test,0
480,1375,they suggested we should all get together but then everyone kind of,0,-1,0,,,0,-1,0.43609022556390975,,test,0
481,56,no thanks. but i do need to book leverton house for two nights starting on tuesday. there are 5 in my party,0,-1,0,,,0,-1,0.40268456375838924,,test,0
482,1919,the bus usually comes on time doesnt it,0,-1,0,,,0,-1,0.5227272727272727,,test,0
483,1219,the documentation seems to be missing some crucial well you know how sometimes,0,-1,0,,,0,-1,0.4727272727272727,,test,0
484,368,if we modify the configuration to include the um you know that thing where,0,-1,0,,,0,-1,0.3835616438356164,,test,0
485,1155,"yes, book me any trip that is",0,-1,0,,,0,-1,0.3582089552238806,,test,0
486,1389,"the biology midterm might be-- according to canvas, it's next wednesday",0,-1,0,,,0,-1,0.3945578231292517,,test,0
487,1489,the gallery's address is on,0,-1,0,,,0,-1,0.4444444444444444,,test,0
488,1678,our community garden produced over fifty pounds of vegetables last season,0,-1,0,,,0,-1,0.36619718309859156,,test,0
489,1547,no actually i was just about to mention something about the way they,0,-1,0,,,0,-1,0.576,,test,0
490,1811,"you've tried that new sushi place downtown, haven't you",0,-1,0,,,0,-1,0.5504587155963303,,test,0
491,763,i think 19:35 would be,0,-1,0,,,0,-1,0.47058823529411764,,test,0
492,394,that should be all thank you,0,-1,0,,,0,-1,0.8214285714285714,,test,0
493,555,imma tell ya what really happened when,0,-1,0,,,0,-1,0.7160493827160493,,test,0
494,1920,"not sure, maybe around",0,-1,0,,,0,-1,0.3902439024390244,,test,0
495,1651,"i am also looking for a restaurant in the centre of town. i'd like it to be moderate price range, please",0,-1,0,,,0,-1,0.49411764705882355,,test,0
496,1674,my sister's wedding is scheduled for june fifteenth this summer,0,-1,0,,,0,-1,0.23376623376623376,,test,0
497,55,um so the driver said something about extra charges for,0,-1,0,,,0,-1,0.26666666666666666,,test,0
498,1437,"i couldn't find my sports-- nevermind, my gear's in the other locker",0,-1,0,,,0,-1,0.6917293233082706,,test,0
499,663,mm yeah yeah that explains why everyone was upset,1,1,1,702,1,1,1,1.0,702,test,0
